PDOid,koeppen,landform
PDO-AT-A0205,"Dfb Cold, no dry season, warm summer",Hills
PDO-AT-A0206,"Dfb Cold, no dry season, warm summer",Very Low Plateaus
PDO-AT-A0207,"Dfb Cold, no dry season, warm summer",Very Low Plateaus
PDO-AT-A0208,"Dfb Cold, no dry season, warm summer",Very Low Plateaus
PDO-AT-A0209,"Dfb Cold, no dry season, warm summer",Very Low Plateaus
PDO-AT-A0210,"Dfb Cold, no dry season, warm summer",Very Low Plateaus
PDO-AT-A0214,"Dfb Cold, no dry season, warm summer",Very Low Plateaus
PDO-AT-A0215,"Dfb Cold, no dry season, warm summer",Very Low Plateaus
PDO-AT-A0216,"Dfb Cold, no dry season, warm summer",Plains
PDO-AT-A0217,"Dfb Cold, no dry season, warm summer",Plains
PDO-AT-A0218,"Dfb Cold, no dry season, warm summer",Mid Altitude Mountains 
PDO-AT-A0219,"Dfb Cold, no dry season, warm summer",Plains
PDO-AT-A0221,"Dfb Cold, no dry season, warm summer",Very Low Plateaus
PDO-AT-A0223,"Dfb Cold, no dry season, warm summer",Very Low Plateaus
PDO-AT-A0224,"Dfb Cold, no dry season, warm summer",Mid Altitude Mountains 
PDO-AT-A0225,"Dfb Cold, no dry season, warm summer",Mid Altitude Mountains 
PDO-AT-A0226,"Dfb Cold, no dry season, warm summer",Very Low Plateaus
PDO-AT-A0228,"Dfb Cold, no dry season, warm summer",Very Low Plateaus
PDO-AT-A0229,"Dfb Cold, no dry season, warm summer",Low Altitude Mountains
PDO-AT-A0230,"ET Polar, tundra",Mid Altitude Mountains 
PDO-AT-A0231,"Dfb Cold, no dry season, warm summer",Mid Altitude Mountains 
PDO-AT-A0233,"Dfb Cold, no dry season, warm summer",Plains
PDO-AT-A0234,"Dfb Cold, no dry season, warm summer",Low Altitude Mountains
PDO-AT-A0235,"Dfb Cold, no dry season, warm summer",Plains
PDO-BE+NL-02172,"Cfb Temperate, no dry season, warm summer",Plains
PDO-BE-A0009,"Cfb Temperate, no dry season, warm summer",Very Low Plateaus
PDO-BE-A0011,"Cfb Temperate, no dry season, warm summer",Very Low Plateaus
PDO-BE-A0012,"Cfb Temperate, no dry season, warm summer",Very Low Plateaus
PDO-BE-A1426,"Cfb Temperate, no dry season, warm summer",Plains
PDO-BE-A1430,"Cfb Temperate, no dry season, warm summer",Plains
PDO-BE-A1492,"Cfb Temperate, no dry season, warm summer",Plains
PDO-BE-A1499,"Cfb Temperate, no dry season, warm summer",Plains
PDO-BG-A0013,"Cfa Temperate, no dry season, hot summer",Very Low Plateaus
PDO-BG-A0360,"Dfa Cold, no dry season, hot summer",Lowlands
PDO-BG-A0370,"Dfb Cold, no dry season, warm summer",Very Low Plateaus
PDO-BG-A0382,"Dfa Cold, no dry season, hot summer",Plains
PDO-BG-A0420,"Dfa Cold, no dry season, hot summer",Lowlands
PDO-BG-A0430,"Cfa Temperate, no dry season, hot summer",Lowlands
PDO-BG-A0877,"Cfa Temperate, no dry season, hot summer",Plains
PDO-BG-A0881,"BSk Arid, steppe, cold",Very Low Plateaus
PDO-BG-A0885,"Dfa Cold, no dry season, hot summer",Very Low Plateaus
PDO-BG-A0944,"Cfa Temperate, no dry season, hot summer",Plains
PDO-BG-A0946,"BSk Arid, steppe, cold",Mid Altitude Mountains 
PDO-BG-A0951,"Dfa Cold, no dry season, hot summer",Lowlands
PDO-BG-A0952,"Dfa Cold, no dry season, hot summer",Very Low Plateaus
PDO-BG-A0955,"Dfa Cold, no dry season, hot summer",Plains
PDO-BG-A0956,"Dfa Cold, no dry season, hot summer",Very Low Plateaus
PDO-BG-A0957,"Dfa Cold, no dry season, hot summer",Lowlands
PDO-BG-A0985,"Cfa Temperate, no dry season, hot summer",Very Low Plateaus
PDO-BG-A0997,"Dfa Cold, no dry season, hot summer",Very Low Plateaus
PDO-BG-A1006,"BSk Arid, steppe, cold",Mid Altitude Mountains 
PDO-BG-A1008,"Dfb Cold, no dry season, warm summer",Very Low Plateaus
PDO-BG-A1018,"Dfa Cold, no dry season, hot summer",Lowlands
PDO-BG-A1030,"Dfa Cold, no dry season, hot summer",Very Low Plateaus
PDO-BG-A1031,"Dfa Cold, no dry season, hot summer",Lowlands
PDO-BG-A1032,"BSk Arid, steppe, cold",Lowlands
PDO-BG-A1043,"Cfa Temperate, no dry season, hot summer",Very Low Plateaus
PDO-BG-A1044,"Dfb Cold, no dry season, warm summer",Mid Altitude Plains
PDO-BG-A1047,"Csa Temperate, dry summer, hot summer",Hills
PDO-BG-A1175,"Cfa Temperate, no dry season, hot summer",Plains
PDO-BG-A1177,"Cfa Temperate, no dry season, hot summer",Very Low Plateaus
PDO-BG-A1179,"Cfa Temperate, no dry season, hot summer",Plains
PDO-BG-A1182,"Cfa Temperate, no dry season, hot summer",Mid Altitude Plains
PDO-BG-A1185,"Cfa Temperate, no dry season, hot summer",Mid Altitude Plains
PDO-BG-A1190,"Cfa Temperate, no dry season, hot summer",Low Altitude Mountains
PDO-BG-A1297,"Cfa Temperate, no dry season, hot summer",Plains
PDO-BG-A1314,"Dfa Cold, no dry season, hot summer",Plains
PDO-BG-A1344,"Cfa Temperate, no dry season, hot summer",Plains
PDO-BG-A1346,"Dfa Cold, no dry season, hot summer",Plains
PDO-BG-A1347,"Cfa Temperate, no dry season, hot summer",Very Low Plateaus
PDO-BG-A1391,"Dfb Cold, no dry season, warm summer",Low Altitude Mountains
PDO-BG-A1392,"Dfa Cold, no dry season, hot summer",Very Low Plateaus
PDO-BG-A1393,"Dfa Cold, no dry season, hot summer",Very Low Plateaus
PDO-BG-A1394,"Cfa Temperate, no dry season, hot summer",Plains
PDO-BG-A1425,"Dfa Cold, no dry season, hot summer",Lowlands
PDO-BG-A1439,"Dfa Cold, no dry season, hot summer",Very Low Plateaus
PDO-BG-A1441,"Dfa Cold, no dry season, hot summer",Plains
PDO-BG-A1472,"BSk Arid, steppe, cold",Low Altitude Mountains
PDO-BG-A1473,"Dfb Cold, no dry season, warm summer",Low Altitude Mountains
PDO-BG-A1474,"Cfa Temperate, no dry season, hot summer",Plains
PDO-BG-A1477,"Dfa Cold, no dry season, hot summer",Lowlands
PDO-BG-A1487,"Cfa Temperate, no dry season, hot summer",Very Low Plateaus
PDO-BG-A1489,"Dfb Cold, no dry season, warm summer",Very Low Plateaus
PDO-BG-A1494,"Cfa Temperate, no dry season, hot summer",Plains
PDO-CY-A1622,"Csa Temperate, dry summer, hot summer",Low Altitude Mountains
PDO-CY-A1623,"Csa Temperate, dry summer, hot summer",Low Altitude Mountains
PDO-CY-A1624,"Csa Temperate, dry summer, hot summer",Low Altitude Mountains
PDO-CY-A1625,"Csa Temperate, dry summer, hot summer",Low Altitude Mountains
PDO-CY-A1626,"Csa Temperate, dry summer, hot summer",Hills
PDO-CY-A1627,"Csa Temperate, dry summer, hot summer",Low Altitude Mountains
PDO-CY-A1628,"Csa Temperate, dry summer, hot summer",Low Altitude Mountains
PDO-CZ-A0888,"Dfb Cold, no dry season, warm summer",Very Low Plateaus
PDO-CZ-A0890,"Dfb Cold, no dry season, warm summer",Very Low Plateaus
PDO-CZ-A0892,"Dfb Cold, no dry season, warm summer",Mid Altitude Plains
PDO-CZ-A0894,"Dfb Cold, no dry season, warm summer",Very Low Plateaus
PDO-CZ-A0895,"Dfb Cold, no dry season, warm summer",Very Low Plateaus
PDO-CZ-A0896,"Dfb Cold, no dry season, warm summer",Very Low Plateaus
PDO-CZ-A0897,"Dfb Cold, no dry season, warm summer",Plains
PDO-CZ-A0899,"Dfb Cold, no dry season, warm summer",Very Low Plateaus
PDO-CZ-A1086,"Dfb Cold, no dry season, warm summer",Mid Altitude Plains
PDO-CZ-A1089,"Dfb Cold, no dry season, warm summer",Very Low Plateaus
PDO-CZ-A1321,"Dfb Cold, no dry season, warm summer",Plains
PDO-DE-02081,"Cfb Temperate, no dry season, warm summer",Rugged Lowlands
PDO-DE-02082,"Cfb Temperate, no dry season, warm summer",Rugged Lowlands
PDO-DE-02083,"Cfb Temperate, no dry season, warm summer",Very Low Plateaus
PDO-DE-02363,"Cfb Temperate, no dry season, warm summer",Very Low Plateaus
PDO-DE-02403,"Dfb Cold, no dry season, warm summer",Very Low Plateaus
PDO-DE-A0867,"Cfb Temperate, no dry season, warm summer",Hills
PDO-DE-A1264,"Dfb Cold, no dry season, warm summer",Very Low Plateaus
PDO-DE-A1267,"Dfb Cold, no dry season, warm summer",Very Low Plateaus
PDO-DE-A1268,"Cfb Temperate, no dry season, warm summer",Plains
PDO-DE-A1269,"Cfb Temperate, no dry season, warm summer",Very Low Plateaus
PDO-DE-A1270,"Cfb Temperate, no dry season, warm summer",Hills
PDO-DE-A1271,"Cfb Temperate, no dry season, warm summer",Very Low Plateaus
PDO-DE-A1272,"Cfb Temperate, no dry season, warm summer",Plains
PDO-DE-A1273,"Cfb Temperate, no dry season, warm summer",Very Low Plateaus
PDO-DE-A1274,"Cfb Temperate, no dry season, warm summer",Plains
PDO-DE-A1275,"Dfb Cold, no dry season, warm summer",Plains
PDO-DE-A1276,"Dfb Cold, no dry season, warm summer",Very Low Plateaus
PDO-DE-A1277,"Dfb Cold, no dry season, warm summer",Plains
PDO-DE-N1822,"Cfb Temperate, no dry season, warm summer",Hills
PDO-DK-N1635,"Dfb Cold, no dry season, warm summer",Plains
PDO-ES-01895,"BSk Arid, steppe, cold",High Altitude Plains
PDO-ES-02085,"BSk Arid, steppe, cold",High Altitude Plains
PDO-ES-02228,"BSk Arid, steppe, cold",High Altitude Plains
PDO-ES-02348,"BSk Arid, steppe, cold",Mid Altitude Mountains 
PDO-ES-02485,"BSk Arid, steppe, cold",High Altitude Plains
PDO-ES-02592,"BSk Arid, steppe, cold",Low Plateaus
PDO-ES-A0043,"BSk Arid, steppe, cold",Low Plateaus
PDO-ES-A0044,"BSk Arid, steppe, cold",Low Plateaus
PDO-ES-A0045,"BSk Arid, steppe, cold",High Altitude Plains
PDO-ES-A0046,"BSk Arid, steppe, cold",High Altitude Plains
PDO-ES-A0047,"BSk Arid, steppe, cold",Low Plateaus
PDO-ES-A0048,"BSk Arid, steppe, cold",Low Plateaus
PDO-ES-A0049,"BSk Arid, steppe, cold",High Altitude Plains
PDO-ES-A0050,"BSk Arid, steppe, cold",High Altitude Plains
PDO-ES-A0051,"BSk Arid, steppe, cold",High Altitude Plains
PDO-ES-A0052,"BSk Arid, steppe, cold",Mid Altitude Plains
PDO-ES-A0053,"BSk Arid, steppe, cold",High Altitude Plains
PDO-ES-A0054,"BSk Arid, steppe, cold",High Altitude Plains
PDO-ES-A0055,"BSk Arid, steppe, cold",High Altitude Plains
PDO-ES-A0056,"BSk Arid, steppe, cold",Low Plateaus
PDO-ES-A0057,"BSk Arid, steppe, cold",Low Altitude Mountains
PDO-ES-A0058,"BSk Arid, steppe, cold",High Altitude Plains
PDO-ES-A0060,"BSk Arid, steppe, cold",High Altitude Plains
PDO-ES-A0109,"BSk Arid, steppe, cold",Low Plateaus
PDO-ES-A0111,"BSh Arid, steppe, hot",Low Altitude Mountains
PDO-ES-A0112,"BSh Arid, steppe, hot",Low Altitude Mountains
PDO-ES-A0113,"BWh Arid, desert, hot",Lowlands
PDO-ES-A0114,"Csb Temperate, dry summer, warm summer",Mid Altitude Mountains 
PDO-ES-A0115,"Csb Temperate, dry summer, warm summer",Low Altitude Mountains
PDO-ES-A0117,"Cfb Temperate, no dry season, warm summer",Low Plateaus
PDO-ES-A0119,"Cfb Temperate, no dry season, warm summer",Low Altitude Mountains
PDO-ES-A0127,"Cfb Temperate, no dry season, warm summer",Very Low Plateaus
PDO-ES-A0180,"BSk Arid, steppe, cold",Low Plateaus
PDO-ES-A0182,"Cfb Temperate, no dry season, warm summer",Low Plateaus
PDO-ES-A0183,"Cfb Temperate, no dry season, warm summer",Very Low Plateaus
PDO-ES-A0184,"Cfb Temperate, no dry season, warm summer",Low Altitude Mountains
PDO-ES-A0247,"BSk Arid, steppe, cold",Low Plateaus
PDO-ES-A0510,"Csb Temperate, dry summer, warm summer",Mid Altitude Mountains 
PDO-ES-A0534,"BSk Arid, steppe, cold",Very Low Plateaus
PDO-ES-A0536,"BSk Arid, steppe, cold",Low Plateaus
PDO-ES-A0606,"BSk Arid, steppe, cold",Low Plateaus
PDO-ES-A0613,"BSk Arid, steppe, cold",Low Plateaus
PDO-ES-A0614,"Csa Temperate, dry summer, hot summer",Low Plateaus
PDO-ES-A0615,"Csb Temperate, dry summer, warm summer",Low Altitude Mountains
PDO-ES-A0622,"BSk Arid, steppe, cold",High Altitude Plains
PDO-ES-A0626,"BSk Arid, steppe, cold",Low Plateaus
PDO-ES-A0631,"Csa Temperate, dry summer, hot summer",Low Altitude Mountains
PDO-ES-A0634,"BSk Arid, steppe, cold",High Altitude Plains
PDO-ES-A0646,"BSk Arid, steppe, cold",High Altitude Plains
PDO-ES-A0732,"Cfb Temperate, no dry season, warm summer",Hills
PDO-ES-A0735,"BSk Arid, steppe, cold",Very Low Plateaus
PDO-ES-A0741,"Cfb Temperate, no dry season, warm summer",Hills
PDO-ES-A0746,"Cfb Temperate, no dry season, warm summer",Hills
PDO-ES-A0747,"BSk Arid, steppe, cold",High Altitude Plains
PDO-ES-A0872,"BSk Arid, steppe, cold",Low Plateaus
PDO-ES-A0874,"BSk Arid, steppe, cold",Low Plateaus
PDO-ES-A0882,"BSk Arid, steppe, cold",High Altitude Plains
PDO-ES-A0886,"BSk Arid, steppe, cold",Low Plateaus
PDO-ES-A0889,"BSk Arid, steppe, cold",High Altitude Plains
PDO-ES-A0940,"BSk Arid, steppe, cold",Low Plateaus
PDO-ES-A0941,"BSk Arid, steppe, cold",Low Plateaus
PDO-ES-A0975,"BSh Arid, steppe, hot",Mid Altitude Mountains 
PDO-ES-A0980,"Csb Temperate, dry summer, warm summer",Mid Altitude Mountains 
PDO-ES-A1038,"BSk Arid, steppe, cold",Plains
PDO-ES-A1040,"Csb Temperate, dry summer, warm summer",High Altitude Plateaus
PDO-ES-A1056,"BSk Arid, steppe, cold",Plains
PDO-ES-A1114,"Csb Temperate, dry summer, warm summer",Low Altitude Mountains
PDO-ES-A1119,"Csb Temperate, dry summer, warm summer",Lowlands
PDO-ES-A1123,"Csb Temperate, dry summer, warm summer",Hills
PDO-ES-A1128,"Csb Temperate, dry summer, warm summer",Low Plateaus
PDO-ES-A1132,"BSk Arid, steppe, cold",Low Altitude Mountains
PDO-ES-A1250,"BWh Arid, desert, hot",Low Altitude Mountains
PDO-ES-A1295,"Csa Temperate, dry summer, hot summer",Mid Altitude Plains
PDO-ES-A1422,"BSk Arid, steppe, cold",Low Altitude Mountains
PDO-ES-A1423,"Csa Temperate, dry summer, hot summer",Lowlands
PDO-ES-A1475,"Csa Temperate, dry summer, hot summer",Mid Altitude Mountains 
PDO-ES-A1478,"Csa Temperate, dry summer, hot summer",Plains
PDO-ES-A1479,"Csa Temperate, dry summer, hot summer",Very Low Plateaus
PDO-ES-A1480,"Csa Temperate, dry summer, hot summer",Low Altitude Mountains
PDO-ES-A1481,"Csa Temperate, dry summer, hot summer",Low Altitude Mountains
PDO-ES-A1482,"Csa Temperate, dry summer, hot summer",Plains
PDO-ES-A1483,"Csa Temperate, dry summer, hot summer",Plains
PDO-ES-A1485,"Csa Temperate, dry summer, hot summer",Plains
PDO-ES-A1511,"BWh Arid, desert, hot",Hills
PDO-ES-A1522,"BSk Arid, steppe, cold",Low Plateaus
PDO-ES-A1523,"BSk Arid, steppe, cold",Very Low Plateaus
PDO-ES-A1525,"BSk Arid, steppe, cold",Low Plateaus
PDO-ES-A1526,"BSk Arid, steppe, cold",Low Altitude Mountains
PDO-ES-A1548,"Csa Temperate, dry summer, hot summer",Lowlands
PDO-ES-A1549,"BSk Arid, steppe, cold",Very Low Plateaus
PDO-ES-A1550,"Csa Temperate, dry summer, hot summer",Hills
PDO-ES-A1551,"Csa Temperate, dry summer, hot summer",Very Low Plateaus
PDO-ES-A1555,"BSk Arid, steppe, cold",Lowlands
PDO-ES-A1556,"BSk Arid, steppe, cold",Very Low Plateaus
PDO-ES-A1557,"Cfa Temperate, no dry season, hot summer",Very Low Plateaus
PDO-ES-A1560,"BSk Arid, steppe, cold",Hills
PDO-ES-N1634,"BSk Arid, steppe, cold",High Altitude Plains
PDO-ES-N1637,"BSk Arid, steppe, cold",Low Plateaus
PDO-ES-N1665,"BSk Arid, steppe, cold",Low Plateaus
PDO-FR-02084,"Csa Temperate, dry summer, hot summer",Hills
PDO-FR-02113,"Csa Temperate, dry summer, hot summer",Plains
PDO-FR-02175,"Csa Temperate, dry summer, hot summer",Plains
PDO-FR-A0143,"Csa Temperate, dry summer, hot summer",Hills
PDO-FR-A0144,"Csa Temperate, dry summer, hot summer",Plains
PDO-FR-A0145,"Csa Temperate, dry summer, hot summer",Hills
PDO-FR-A0146,"Cfb Temperate, no dry season, warm summer",Plains
PDO-FR-A0147,"Cfb Temperate, no dry season, warm summer",Plains
PDO-FR-A0148,"Cfb Temperate, no dry season, warm summer",Lowlands
PDO-FR-A0149,"Cfb Temperate, no dry season, warm summer",Plains
PDO-FR-A0150,"Cfb Temperate, no dry season, warm summer",Plains
PDO-FR-A0151,"Csa Temperate, dry summer, hot summer",Plains
PDO-FR-A0152,"Cfb Temperate, no dry season, warm summer",Lowlands
PDO-FR-A0153,"Cfb Temperate, no dry season, warm summer",Lowlands
PDO-FR-A0154,"Cfb Temperate, no dry season, warm summer",Mid Altitude Plains
PDO-FR-A0155,"Cfb Temperate, no dry season, warm summer",Very Low Plateaus
PDO-FR-A0156,"Csa Temperate, dry summer, hot summer",Hills
PDO-FR-A0157,"Csa Temperate, dry summer, hot summer",Hills
PDO-FR-A0158,"Cfb Temperate, no dry season, warm summer",Plains
PDO-FR-A0159,"Csa Temperate, dry summer, hot summer",Lowlands
PDO-FR-A0160,"Csa Temperate, dry summer, hot summer",Plains
PDO-FR-A0161,"Csa Temperate, dry summer, hot summer",Plains
PDO-FR-A0162,"Cfb Temperate, no dry season, warm summer",Plains
PDO-FR-A0163,"Cfb Temperate, no dry season, warm summer",Lowlands
PDO-FR-A0164,"Cfb Temperate, no dry season, warm summer",Plains
PDO-FR-A0165,"Cfb Temperate, no dry season, warm summer",Lowlands
PDO-FR-A0166,"Cfb Temperate, no dry season, warm summer",Plains
PDO-FR-A0167,"Cfb Temperate, no dry season, warm summer",Low Plateaus
PDO-FR-A0168,"Cfb Temperate, no dry season, warm summer",Mid Altitude Plains
PDO-FR-A0169,"Cfb Temperate, no dry season, warm summer",Plains
PDO-FR-A0170,"Cfb Temperate, no dry season, warm summer",Lowlands
PDO-FR-A0171,"Cfb Temperate, no dry season, warm summer",Plains
PDO-FR-A0172,"Cfb Temperate, no dry season, warm summer",Mid Altitude Plains
PDO-FR-A0173,"Cfb Temperate, no dry season, warm summer",Low Altitude Mountains
PDO-FR-A0174,"Cfb Temperate, no dry season, warm summer",Hills
PDO-FR-A0175,"Cfb Temperate, no dry season, warm summer",Mid Altitude Plains
PDO-FR-A0176,"Cfb Temperate, no dry season, warm summer",Mid Altitude Plains
PDO-FR-A0177,"Cfb Temperate, no dry season, warm summer",Low Altitude Mountains
PDO-FR-A0178,"Cfb Temperate, no dry season, warm summer",Plains
PDO-FR-A0179,"Cfb Temperate, no dry season, warm summer",Plains
PDO-FR-A0185,"Csa Temperate, dry summer, hot summer",Very Low Plateaus
PDO-FR-A0186,"Cfb Temperate, no dry season, warm summer",Plains
PDO-FR-A0187,"Cfb Temperate, no dry season, warm summer",Very Low Plateaus
PDO-FR-A0188,"Cfb Temperate, no dry season, warm summer",Lowlands
PDO-FR-A0189,"Cfb Temperate, no dry season, warm summer",Lowlands
PDO-FR-A0190,"Cfb Temperate, no dry season, warm summer",Lowlands
PDO-FR-A0191,"Cfb Temperate, no dry season, warm summer",Lowlands
PDO-FR-A0192,"Cfb Temperate, no dry season, warm summer",Very Low Plateaus
PDO-FR-A0193,"Cfb Temperate, no dry season, warm summer",Mid Altitude Plains
PDO-FR-A0194,"Cfb Temperate, no dry season, warm summer",Very Low Plateaus
PDO-FR-A0195,"Csa Temperate, dry summer, hot summer",Lowlands
PDO-FR-A0196,"Cfa Temperate, no dry season, hot summer",Very Low Plateaus
PDO-FR-A0197,"Cfb Temperate, no dry season, warm summer",Very Low Plateaus
PDO-FR-A0198,"Cfb Temperate, no dry season, warm summer",Mid Altitude Plains
PDO-FR-A0199,"Cfb Temperate, no dry season, warm summer",Very Low Plateaus
PDO-FR-A0200,"Cfb Temperate, no dry season, warm summer",Hills
PDO-FR-A0201,"Cfb Temperate, no dry season, warm summer",Very Low Plateaus
PDO-FR-A0202,"Cfb Temperate, no dry season, warm summer",Very Low Plateaus
PDO-FR-A0203,"Csa Temperate, dry summer, hot summer",Lowlands
PDO-FR-A0257,"Cfb Temperate, no dry season, warm summer",Plains
PDO-FR-A0259,"Cfb Temperate, no dry season, warm summer",Plains
PDO-FR-A0260,"Cfb Temperate, no dry season, warm summer",Plains
PDO-FR-A0271,"Cfb Temperate, no dry season, warm summer",Plains
PDO-FR-A0272,"Csa Temperate, dry summer, hot summer",Lowlands
PDO-FR-A0273,"Cfb Temperate, no dry season, warm summer",Plains
PDO-FR-A0274,"Cfb Temperate, no dry season, warm summer",Lowlands
PDO-FR-A0275,"Cfb Temperate, no dry season, warm summer",Plains
PDO-FR-A0276,"Cfb Temperate, no dry season, warm summer",Plains
PDO-FR-A0298,"Cfb Temperate, no dry season, warm summer",Mid Altitude Plains
PDO-FR-A0299,"Cfb Temperate, no dry season, warm summer",Plains
PDO-FR-A0300,"Cfb Temperate, no dry season, warm summer",Very Low Plateaus
PDO-FR-A0301,"Cfb Temperate, no dry season, warm summer",Low Altitude Mountains
PDO-FR-A0302,"Cfb Temperate, no dry season, warm summer",Very Low Plateaus
PDO-FR-A0303,"Cfb Temperate, no dry season, warm summer",Plains
PDO-FR-A0304,"Cfb Temperate, no dry season, warm summer",Plains
PDO-FR-A0306,"Cfb Temperate, no dry season, warm summer",Plains
PDO-FR-A0307,"Cfb Temperate, no dry season, warm summer",Mid Altitude Plains
PDO-FR-A0308,"Cfb Temperate, no dry season, warm summer",Mid Altitude Plains
PDO-FR-A0309,"Cfb Temperate, no dry season, warm summer",Mid Altitude Plains
PDO-FR-A0310,"Cfb Temperate, no dry season, warm summer",Mid Altitude Plains
PDO-FR-A0311,"Cfb Temperate, no dry season, warm summer",Mid Altitude Plains
PDO-FR-A0313,"Cfb Temperate, no dry season, warm summer",Mid Altitude Plains
PDO-FR-A0314,"Cfb Temperate, no dry season, warm summer",Mid Altitude Plains
PDO-FR-A0315,"Cfb Temperate, no dry season, warm summer",Mid Altitude Plains
PDO-FR-A0316,"Cfb Temperate, no dry season, warm summer",Mid Altitude Plains
PDO-FR-A0317,"Cfb Temperate, no dry season, warm summer",Mid Altitude Plains
PDO-FR-A0319,"Cfb Temperate, no dry season, warm summer",Mid Altitude Plains
PDO-FR-A0320,"Cfb Temperate, no dry season, warm summer",Plains
PDO-FR-A0321,"Cfb Temperate, no dry season, warm summer",Mid Altitude Plains
PDO-FR-A0322,"Cfb Temperate, no dry season, warm summer",Mid Altitude Plains
PDO-FR-A0323,"Cfb Temperate, no dry season, warm summer",Mid Altitude Plains
PDO-FR-A0324,"Cfb Temperate, no dry season, warm summer",Mid Altitude Plains
PDO-FR-A0325,"Csa Temperate, dry summer, hot summer",Plains
PDO-FR-A0326,"Cfa Temperate, no dry season, hot summer",Very Low Plateaus
PDO-FR-A0328,"Csa Temperate, dry summer, hot summer",Lowlands
PDO-FR-A0329,"Cfb Temperate, no dry season, warm summer",Plains
PDO-FR-A0330,"Csa Temperate, dry summer, hot summer",Lowlands
PDO-FR-A0331,"Csa Temperate, dry summer, hot summer",Lowlands
PDO-FR-A0333,"Cfb Temperate, no dry season, warm summer",Low Altitude Mountains
PDO-FR-A0334,"Cfb Temperate, no dry season, warm summer",Plains
PDO-FR-A0335,"Cfb Temperate, no dry season, warm summer",Hills
PDO-FR-A0336,"Cfb Temperate, no dry season, warm summer",Plains
PDO-FR-A0338,"Cfb Temperate, no dry season, warm summer",Plains
PDO-FR-A0339,"Dfb Cold, no dry season, warm summer",Low Altitude Mountains
PDO-FR-A0340,"Cfb Temperate, no dry season, warm summer",Low Altitude Mountains
PDO-FR-A0341,"Cfb Temperate, no dry season, warm summer",Very Low Plateaus
PDO-FR-A0343,"Dfb Cold, no dry season, warm summer",Low Altitude Mountains
PDO-FR-A0344,"Cfb Temperate, no dry season, warm summer",Hills
PDO-FR-A0345,"Cfb Temperate, no dry season, warm summer",Hills
PDO-FR-A0346,"Cfb Temperate, no dry season, warm summer",Plains
PDO-FR-A0348,"Cfb Temperate, no dry season, warm summer",Lowlands
PDO-FR-A0349,"Cfb Temperate, no dry season, warm summer",Very Low Plateaus
PDO-FR-A0372,"Dfb Cold, no dry season, warm summer",Low Altitude Mountains
PDO-FR-A0373,"Cfb Temperate, no dry season, warm summer",Low Altitude Mountains
PDO-FR-A0374,"Cfb Temperate, no dry season, warm summer",Plains
PDO-FR-A0375,"Cfb Temperate, no dry season, warm summer",Hills
PDO-FR-A0376,"Cfb Temperate, no dry season, warm summer",Hills
PDO-FR-A0377,"Cfb Temperate, no dry season, warm summer",Hills
PDO-FR-A0378,"Cfb Temperate, no dry season, warm summer",Low Altitude Mountains
PDO-FR-A0379,"Dfb Cold, no dry season, warm summer",Low Altitude Mountains
PDO-FR-A0381,"Cfb Temperate, no dry season, warm summer",Hills
PDO-FR-A0383,"Cfb Temperate, no dry season, warm summer",Hills
PDO-FR-A0384,"Cfb Temperate, no dry season, warm summer",Plains
PDO-FR-A0385,"Cfb Temperate, no dry season, warm summer",Plains
PDO-FR-A0386,"Cfb Temperate, no dry season, warm summer",Low Altitude Mountains
PDO-FR-A0387,"Cfb Temperate, no dry season, warm summer",Hills
PDO-FR-A0388,"Cfb Temperate, no dry season, warm summer",Mid Altitude Plains
PDO-FR-A0389,"Cfa Temperate, no dry season, hot summer",Plains
PDO-FR-A0390,"Csa Temperate, dry summer, hot summer",Very Low Plateaus
PDO-FR-A0391,"Cfb Temperate, no dry season, warm summer",Plains
PDO-FR-A0392,"Csa Temperate, dry summer, hot summer",Hills
PDO-FR-A0393,"Cfb Temperate, no dry season, warm summer",Plains
PDO-FR-A0394,"Cfb Temperate, no dry season, warm summer",Plains
PDO-FR-A0395,"Cfb Temperate, no dry season, warm summer",Plains
PDO-FR-A0396,"Csa Temperate, dry summer, hot summer",Hills
PDO-FR-A0397,"Cfb Temperate, no dry season, warm summer",Low Altitude Mountains
PDO-FR-A0398,"Cfb Temperate, no dry season, warm summer",Hills
PDO-FR-A0399,"Csa Temperate, dry summer, hot summer",Very Low Plateaus
PDO-FR-A0400,"Cfb Temperate, no dry season, warm summer",Plains
PDO-FR-A0401,"Cfb Temperate, no dry season, warm summer",Very Low Plateaus
PDO-FR-A0402,"Cfb Temperate, no dry season, warm summer",Mid Altitude Plains
PDO-FR-A0403,"Cfb Temperate, no dry season, warm summer",Very Low Plateaus
PDO-FR-A0404,"Cfb Temperate, no dry season, warm summer",Very Low Plateaus
PDO-FR-A0405,"Cfb Temperate, no dry season, warm summer",Plains
PDO-FR-A0406,"Cfb Temperate, no dry season, warm summer",Lowlands
PDO-FR-A0407,"Cfb Temperate, no dry season, warm summer",Lowlands
PDO-FR-A0408,"Cfb Temperate, no dry season, warm summer",Lowlands
PDO-FR-A0409,"Cfb Temperate, no dry season, warm summer",Mid Altitude Plains
PDO-FR-A0410,"Cfb Temperate, no dry season, warm summer",Plains
PDO-FR-A0411,"Cfb Temperate, no dry season, warm summer",Low Altitude Mountains
PDO-FR-A0412,"Dfb Cold, no dry season, warm summer",Low Altitude Mountains
PDO-FR-A0413,"Cfb Temperate, no dry season, warm summer",Very Low Plateaus
PDO-FR-A0414,"Cfb Temperate, no dry season, warm summer",Hills
PDO-FR-A0415,"Cfb Temperate, no dry season, warm summer",Low Altitude Mountains
PDO-FR-A0416,"Cfb Temperate, no dry season, warm summer",Low Altitude Mountains
PDO-FR-A0417,"Cfb Temperate, no dry season, warm summer",Very Low Plateaus
PDO-FR-A0418,"Cfb Temperate, no dry season, warm summer",Low Altitude Mountains
PDO-FR-A0419,"Cfb Temperate, no dry season, warm summer",Hills
PDO-FR-A0485,"Csa Temperate, dry summer, hot summer",Lowlands
PDO-FR-A0486,"Csa Temperate, dry summer, hot summer",Lowlands
PDO-FR-A0487,"Cfb Temperate, no dry season, warm summer",Low Altitude Mountains
PDO-FR-A0488,"Cfb Temperate, no dry season, warm summer",Plains
PDO-FR-A0489,"Cfb Temperate, no dry season, warm summer",Plains
PDO-FR-A0490,"Cfb Temperate, no dry season, warm summer",Very Low Plateaus
PDO-FR-A0491,"Cfb Temperate, no dry season, warm summer",Mid Altitude Plains
PDO-FR-A0492,"Cfb Temperate, no dry season, warm summer",Very Low Plateaus
PDO-FR-A0493,"Cfb Temperate, no dry season, warm summer",Plains
PDO-FR-A0494,"Cfb Temperate, no dry season, warm summer",Plains
PDO-FR-A0495,"Cfb Temperate, no dry season, warm summer",Plains
PDO-FR-A0496,"Cfb Temperate, no dry season, warm summer",Plains
PDO-FR-A0497,"Cfb Temperate, no dry season, warm summer",Plains
PDO-FR-A0498,"Cfb Temperate, no dry season, warm summer",Plains
PDO-FR-A0499,"Cfb Temperate, no dry season, warm summer",Very Low Plateaus
PDO-FR-A0500,"Cfb Temperate, no dry season, warm summer",Plains
PDO-FR-A0501,"Cfb Temperate, no dry season, warm summer",Plains
PDO-FR-A0502,"Cfb Temperate, no dry season, warm summer",Very Low Plateaus
PDO-FR-A0503,"Cfb Temperate, no dry season, warm summer",Lowlands
PDO-FR-A0504,"Cfb Temperate, no dry season, warm summer",Mid Altitude Plains
PDO-FR-A0505,"Cfb Temperate, no dry season, warm summer",Lowlands
PDO-FR-A0559,"Cfb Temperate, no dry season, warm summer",Mid Altitude Plains
PDO-FR-A0560,"Cfb Temperate, no dry season, warm summer",Mid Altitude Plains
PDO-FR-A0562,"Cfb Temperate, no dry season, warm summer",Mid Altitude Plains
PDO-FR-A0564,"Cfb Temperate, no dry season, warm summer",Mid Altitude Plains
PDO-FR-A0571,"Cfb Temperate, no dry season, warm summer",Mid Altitude Plains
PDO-FR-A0573,"Cfb Temperate, no dry season, warm summer",Mid Altitude Plains
PDO-FR-A0574,"Cfb Temperate, no dry season, warm summer",Very Low Plateaus
PDO-FR-A0576,"Cfb Temperate, no dry season, warm summer",Very Low Plateaus
PDO-FR-A0577,"Cfb Temperate, no dry season, warm summer",Very Low Plateaus
PDO-FR-A0578,"Cfb Temperate, no dry season, warm summer",Mid Altitude Plains
PDO-FR-A0579,"Cfb Temperate, no dry season, warm summer",Mid Altitude Plains
PDO-FR-A0580,"Cfb Temperate, no dry season, warm summer",Mid Altitude Plains
PDO-FR-A0581,"Cfb Temperate, no dry season, warm summer",Mid Altitude Plains
PDO-FR-A0582,"Cfb Temperate, no dry season, warm summer",Very Low Plateaus
PDO-FR-A0583,"Cfb Temperate, no dry season, warm summer",Mid Altitude Plains
PDO-FR-A0584,"Cfb Temperate, no dry season, warm summer",Mid Altitude Plains
PDO-FR-A0585,"Cfb Temperate, no dry season, warm summer",Plains
PDO-FR-A0586,"Cfb Temperate, no dry season, warm summer",Very Low Plateaus
PDO-FR-A0587,"Cfb Temperate, no dry season, warm summer",Very Low Plateaus
PDO-FR-A0588,"Cfb Temperate, no dry season, warm summer",Hills
PDO-FR-A0589,"Cfb Temperate, no dry season, warm summer",Very Low Plateaus
PDO-FR-A0590,"Cfb Temperate, no dry season, warm summer",Mid Altitude Plains
PDO-FR-A0591,"Cfb Temperate, no dry season, warm summer",Lowlands
PDO-FR-A0592,"Cfb Temperate, no dry season, warm summer",Mid Altitude Plains
PDO-FR-A0593,"Cfb Temperate, no dry season, warm summer",Lowlands
PDO-FR-A0594,"Cfb Temperate, no dry season, warm summer",Plains
PDO-FR-A0595,"Cfb Temperate, no dry season, warm summer",Plains
PDO-FR-A0596,"Cfb Temperate, no dry season, warm summer",Low Altitude Mountains
PDO-FR-A0597,"Cfb Temperate, no dry season, warm summer",Lowlands
PDO-FR-A0598,"Cfb Temperate, no dry season, warm summer",Very Low Plateaus
PDO-FR-A0623,"Csa Temperate, dry summer, hot summer",Plains
PDO-FR-A0625,"Cfb Temperate, no dry season, warm summer",Plains
PDO-FR-A0628,"Dfb Cold, no dry season, warm summer",Low Altitude Mountains
PDO-FR-A0630,"Cfb Temperate, no dry season, warm summer",Plains
PDO-FR-A0632,"Cfb Temperate, no dry season, warm summer",Low Altitude Mountains
PDO-FR-A0633,"Cfb Temperate, no dry season, warm summer",Low Altitude Mountains
PDO-FR-A0635,"Cfb Temperate, no dry season, warm summer",Hills
PDO-FR-A0636,"Cfb Temperate, no dry season, warm summer",Plains
PDO-FR-A0638,"Cfb Temperate, no dry season, warm summer",Plains
PDO-FR-A0641,"Cfb Temperate, no dry season, warm summer",Hills
PDO-FR-A0642,"Cfb Temperate, no dry season, warm summer",Mid Altitude Plains
PDO-FR-A0643,"Cfb Temperate, no dry season, warm summer",Very Low Plateaus
PDO-FR-A0647,"Cfb Temperate, no dry season, warm summer",Very Low Plateaus
PDO-FR-A0649,"Cfb Temperate, no dry season, warm summer",Very Low Plateaus
PDO-FR-A0650,"Cfb Temperate, no dry season, warm summer",Very Low Plateaus
PDO-FR-A0652,"Cfb Temperate, no dry season, warm summer",Very Low Plateaus
PDO-FR-A0653,"Cfb Temperate, no dry season, warm summer",Very Low Plateaus
PDO-FR-A0654,"Cfb Temperate, no dry season, warm summer",Very Low Plateaus
PDO-FR-A0656,"Cfb Temperate, no dry season, warm summer",Very Low Plateaus
PDO-FR-A0657,"Cfb Temperate, no dry season, warm summer",Mid Altitude Plains
PDO-FR-A0659,"Cfb Temperate, no dry season, warm summer",Mid Altitude Plains
PDO-FR-A0660,"Cfb Temperate, no dry season, warm summer",Very Low Plateaus
PDO-FR-A0661,"Cfb Temperate, no dry season, warm summer",Very Low Plateaus
PDO-FR-A0663,"Csa Temperate, dry summer, hot summer",Rugged Lowlands
PDO-FR-A0664,"Csa Temperate, dry summer, hot summer",Plains
PDO-FR-A0666,"Csa Temperate, dry summer, hot summer",Hills
PDO-FR-A0667,"Csa Temperate, dry summer, hot summer",Plains
PDO-FR-A0668,"Cfb Temperate, no dry season, warm summer",Plains
PDO-FR-A0669,"Cfb Temperate, no dry season, warm summer",Very Low Plateaus
PDO-FR-A0670,"Csa Temperate, dry summer, hot summer",Lowlands
PDO-FR-A0671,"Csa Temperate, dry summer, hot summer",Lowlands
PDO-FR-A0672,"Csa Temperate, dry summer, hot summer",Rugged Lowlands
PDO-FR-A0673,"Csa Temperate, dry summer, hot summer",Rugged Lowlands
PDO-FR-A0675,"Csa Temperate, dry summer, hot summer",Plains
PDO-FR-A0676,"Cfb Temperate, no dry season, warm summer",Very Low Plateaus
PDO-FR-A0679,"Cfb Temperate, no dry season, warm summer",Low Altitude Mountains
PDO-FR-A0681,"Cfb Temperate, no dry season, warm summer",Low Altitude Mountains
PDO-FR-A0683,"Cfb Temperate, no dry season, warm summer",Lowlands
PDO-FR-A0685,"Cfb Temperate, no dry season, warm summer",Very Low Plateaus
PDO-FR-A0686,"Cfb Temperate, no dry season, warm summer",Lowlands
PDO-FR-A0687,"Cfb Temperate, no dry season, warm summer",Lowlands
PDO-FR-A0690,"Csa Temperate, dry summer, hot summer",Very Low Plateaus
PDO-FR-A0697,"Cfa Temperate, no dry season, hot summer",Hills
PDO-FR-A0707,"Cfb Temperate, no dry season, warm summer",Lowlands
PDO-FR-A0708,"Cfb Temperate, no dry season, warm summer",Hills
PDO-FR-A0709,"Cfb Temperate, no dry season, warm summer",Very Low Plateaus
PDO-FR-A0710,"Cfb Temperate, no dry season, warm summer",Plains
PDO-FR-A0711,"Cfb Temperate, no dry season, warm summer",Lowlands
PDO-FR-A0712,"Cfb Temperate, no dry season, warm summer",Plains
PDO-FR-A0713,"Cfb Temperate, no dry season, warm summer",Plains
PDO-FR-A0714,"Cfb Temperate, no dry season, warm summer",Lowlands
PDO-FR-A0715,"Csa Temperate, dry summer, hot summer",Plains
PDO-FR-A0716,"Csa Temperate, dry summer, hot summer",Lowlands
PDO-FR-A0717,"Csa Temperate, dry summer, hot summer",Plains
PDO-FR-A0718,"Cfb Temperate, no dry season, warm summer",Very Low Plateaus
PDO-FR-A0719,"Csa Temperate, dry summer, hot summer",Hills
PDO-FR-A0720,"Csa Temperate, dry summer, hot summer",Very Low Plateaus
PDO-FR-A0721,"Csa Temperate, dry summer, hot summer",Plains
PDO-FR-A0722,"Csa Temperate, dry summer, hot summer",Rugged Lowlands
PDO-FR-A0724,"Csa Temperate, dry summer, hot summer",Hills
PDO-FR-A0725,"Csa Temperate, dry summer, hot summer",Very Low Plateaus
PDO-FR-A0726,"Cfb Temperate, no dry season, warm summer",Plains
PDO-FR-A0727,"Cfb Temperate, no dry season, warm summer",Plains
PDO-FR-A0729,"Cfb Temperate, no dry season, warm summer",Plains
PDO-FR-A0730,"Cfb Temperate, no dry season, warm summer",Plains
PDO-FR-A0731,"Cfb Temperate, no dry season, warm summer",Plains
PDO-FR-A0733,"Cfb Temperate, no dry season, warm summer",Plains
PDO-FR-A0734,"Cfb Temperate, no dry season, warm summer",Lowlands
PDO-FR-A0736,"Cfb Temperate, no dry season, warm summer",Very Low Plateaus
PDO-FR-A0737,"Cfb Temperate, no dry season, warm summer",Very Low Plateaus
PDO-FR-A0738,"Cfb Temperate, no dry season, warm summer",Very Low Plateaus
PDO-FR-A0739,"Cfb Temperate, no dry season, warm summer",Very Low Plateaus
PDO-FR-A0740,"Cfb Temperate, no dry season, warm summer",Very Low Plateaus
PDO-FR-A0818,"Cfb Temperate, no dry season, warm summer",Hills
PDO-FR-A0819,"Cfb Temperate, no dry season, warm summer",Plains
PDO-FR-A0820,"Cfb Temperate, no dry season, warm summer",Plains
PDO-FR-A0821,"Cfb Temperate, no dry season, warm summer",Plains
PDO-FR-A0822,"Cfb Temperate, no dry season, warm summer",Very Low Plateaus
PDO-FR-A0823,"Cfb Temperate, no dry season, warm summer",Lowlands
PDO-FR-A0824,"Cfb Temperate, no dry season, warm summer",Plains
PDO-FR-A0825,"Cfb Temperate, no dry season, warm summer",Plains
PDO-FR-A0826,"Cfb Temperate, no dry season, warm summer",Plains
PDO-FR-A0827,"Cfb Temperate, no dry season, warm summer",Very Low Plateaus
PDO-FR-A0828,"Cfb Temperate, no dry season, warm summer",Plains
PDO-FR-A0829,"Cfb Temperate, no dry season, warm summer",Lowlands
PDO-FR-A0911,"Cfb Temperate, no dry season, warm summer",Hills
PDO-FR-A0912,"Cfb Temperate, no dry season, warm summer",Very Low Plateaus
PDO-FR-A0913,"Cfb Temperate, no dry season, warm summer",Mid Altitude Plains
PDO-FR-A0914,"Cfb Temperate, no dry season, warm summer",Low Altitude Mountains
PDO-FR-A0915,"Cfb Temperate, no dry season, warm summer",Plains
PDO-FR-A0916,"Cfb Temperate, no dry season, warm summer",Very Low Plateaus
PDO-FR-A0917,"Cfb Temperate, no dry season, warm summer",Plains
PDO-FR-A0918,"Csa Temperate, dry summer, hot summer",Very Low Plateaus
PDO-FR-A0919,"Csa Temperate, dry summer, hot summer",Plains
PDO-FR-A0920,"Csa Temperate, dry summer, hot summer",Very Low Plateaus
PDO-FR-A0921,"Cfa Temperate, no dry season, hot summer",Hills
PDO-FR-A0922,"Csa Temperate, dry summer, hot summer",Lowlands
PDO-FR-A0923,"Cfb Temperate, no dry season, warm summer",Lowlands
PDO-FR-A0924,"Cfb Temperate, no dry season, warm summer",Plains
PDO-FR-A0925,"Cfb Temperate, no dry season, warm summer",Very Low Plateaus
PDO-FR-A0926,"Cfb Temperate, no dry season, warm summer",Plains
PDO-FR-A0927,"Cfb Temperate, no dry season, warm summer",Plains
PDO-FR-A0928,"Cfb Temperate, no dry season, warm summer",Plains
PDO-FR-A0929,"Csa Temperate, dry summer, hot summer",Plains
PDO-FR-A0930,"Cfb Temperate, no dry season, warm summer",Very Low Plateaus
PDO-FR-A0931,"Cfb Temperate, no dry season, warm summer",Very Low Plateaus
PDO-FR-A0932,"Cfb Temperate, no dry season, warm summer",Mid Altitude Plains
PDO-FR-A0933,"Cfb Temperate, no dry season, warm summer",Plains
PDO-FR-A0934,"Cfb Temperate, no dry season, warm summer",Very Low Plateaus
PDO-FR-A0935,"Cfb Temperate, no dry season, warm summer",Very Low Plateaus
PDO-FR-A0936,"Cfb Temperate, no dry season, warm summer",Very Low Plateaus
PDO-FR-A0937,"Cfb Temperate, no dry season, warm summer",Mid Altitude Plains
PDO-FR-A0982,"Cfb Temperate, no dry season, warm summer",Plains
PDO-FR-A0983,"Cfb Temperate, no dry season, warm summer",Plains
PDO-FR-A0984,"Cfb Temperate, no dry season, warm summer",Lowlands
PDO-FR-A0986,"Cfb Temperate, no dry season, warm summer",Hills
PDO-FR-A0987,"Cfb Temperate, no dry season, warm summer",Plains
PDO-FR-A0988,"Cfb Temperate, no dry season, warm summer",Plains
PDO-FR-A0990,"Cfb Temperate, no dry season, warm summer",Plains
PDO-FR-A0991,"Cfb Temperate, no dry season, warm summer",Plains
PDO-FR-A0992,"Cfb Temperate, no dry season, warm summer",Lowlands
PDO-FR-A0993,"Cfb Temperate, no dry season, warm summer",Plains
PDO-FR-A0994,"Cfb Temperate, no dry season, warm summer",Hills
PDO-FR-A0996,"Csa Temperate, dry summer, hot summer",Very Low Plateaus
PDO-FR-A0999,"Csa Temperate, dry summer, hot summer",Plains
PDO-FR-A1000,"Cfb Temperate, no dry season, warm summer",Low Altitude Mountains
PDO-FR-A1002,"Cfa Temperate, no dry season, hot summer",Very Low Plateaus
PDO-FR-A1003,"Cfa Temperate, no dry season, hot summer",Hills
PDO-FR-A1005,"Cfb Temperate, no dry season, warm summer",Plains
PDO-FR-A1007,"Cfb Temperate, no dry season, warm summer",Plains
PDO-FR-A1011,"Csa Temperate, dry summer, hot summer",Very Low Plateaus
PDO-FR-A1012,"Cfb Temperate, no dry season, warm summer",Plains
PDO-FR-A1014,"Cfb Temperate, no dry season, warm summer",Plains
PDO-FR-A1016,"Cfb Temperate, no dry season, warm summer",Very Low Plateaus
PDO-FR-A1017,"Cfb Temperate, no dry season, warm summer",Mid Altitude Plains
PDO-FR-A1021,"Cfb Temperate, no dry season, warm summer",Very Low Plateaus
PDO-FR-A1022,"Cfb Temperate, no dry season, warm summer",Mid Altitude Plains
PDO-FR-A1023,"Cfb Temperate, no dry season, warm summer",Mid Altitude Plains
PDO-FR-A1024,"Cfb Temperate, no dry season, warm summer",Very Low Plateaus
PDO-FR-A1025,"Cfb Temperate, no dry season, warm summer",Hills
PDO-FR-A1027,"Cfb Temperate, no dry season, warm summer",Very Low Plateaus
PDO-FR-A1028,"Cfb Temperate, no dry season, warm summer",Very Low Plateaus
PDO-FR-A1029,"Cfb Temperate, no dry season, warm summer",Very Low Plateaus
PDO-FR-A1049,"Csa Temperate, dry summer, hot summer",Rugged Lowlands
PDO-FR-A1101,"Cfb Temperate, no dry season, warm summer",Plains
PDO-FR-A1102,"Csa Temperate, dry summer, hot summer",Plains
PDO-FR-A1103,"Cfb Temperate, no dry season, warm summer",Plains
PDO-FR-A1200,"Cfb Temperate, no dry season, warm summer",Plains
PDO-FR-A1359,"Cfb Temperate, no dry season, warm summer",Lowlands
PDO-FR-A1363,"Cfb Temperate, no dry season, warm summer",Very Low Plateaus
PDO-FR-A1364,"Cfb Temperate, no dry season, warm summer",Lowlands
PDO-FR-N1672,"Csa Temperate, dry summer, hot summer",Plains
PDO-GB-A1585,"Cfb Temperate, no dry season, warm summer",Plains
PDO-GB-A1587,"Cfb Temperate, no dry season, warm summer",Lowlands
PDO-GB-N1636,"Cfb Temperate, no dry season, warm summer",Lowlands
PDO-GR-A0116,"BSk Arid, steppe, cold",Low Altitude Mountains
PDO-GR-A1048,"Csa Temperate, dry summer, hot summer",Hills
PDO-GR-A1055,"Csa Temperate, dry summer, hot summer",Rugged Lowlands
PDO-GR-A1065,"Csa Temperate, dry summer, hot summer",Lowlands
PDO-GR-A1087,"Csa Temperate, dry summer, hot summer",Lowlands
PDO-GR-A1096,"BSk Arid, steppe, cold",Hills
PDO-GR-A1239,"Csa Temperate, dry summer, hot summer",Low Altitude Mountains
PDO-GR-A1240,"Csa Temperate, dry summer, hot summer",Low Altitude Mountains
PDO-GR-A1251,"BSk Arid, steppe, cold",Lowlands
PDO-GR-A1253,"Csa Temperate, dry summer, hot summer",Low Altitude Mountains
PDO-GR-A1316,"Csa Temperate, dry summer, hot summer",Hills
PDO-GR-A1340,"Csa Temperate, dry summer, hot summer",Hills
PDO-GR-A1390,"Csa Temperate, dry summer, hot summer",Hills
PDO-GR-A1395,"Cfa Temperate, no dry season, hot summer",Low Altitude Mountains
PDO-GR-A1401,"Csa Temperate, dry summer, hot summer",Very Low Plateaus
PDO-GR-A1432,"Csa Temperate, dry summer, hot summer",Lowlands
PDO-GR-A1484,"Csa Temperate, dry summer, hot summer",Plains
PDO-GR-A1532,"Csa Temperate, dry summer, hot summer",Low Plateaus
PDO-GR-A1533,"Csa Temperate, dry summer, hot summer",Hills
PDO-GR-A1554,"Csa Temperate, dry summer, hot summer",Low Altitude Mountains
PDO-GR-A1564,"Csa Temperate, dry summer, hot summer",Hills
PDO-GR-A1566,"Csa Temperate, dry summer, hot summer",Rugged Lowlands
PDO-GR-A1567,"Csa Temperate, dry summer, hot summer",Hills
PDO-GR-A1570,"Csa Temperate, dry summer, hot summer",Lowlands
PDO-GR-A1573,"Csa Temperate, dry summer, hot summer",Low Altitude Mountains
PDO-GR-A1607,"Csa Temperate, dry summer, hot summer",Lowlands
PDO-GR-A1608,"Csa Temperate, dry summer, hot summer",Hills
PDO-GR-A1610,"BSk Arid, steppe, cold",Mid Altitude Mountains 
PDO-GR-A1612,"Csa Temperate, dry summer, hot summer",Hills
PDO-GR-A1613,"Csa Temperate, dry summer, hot summer",Hills
PDO-GR-A1614,"Csa Temperate, dry summer, hot summer",Lowlands
PDO-GR-A1615,"Csa Temperate, dry summer, hot summer",Hills
PDO-GR-A1617,"Csa Temperate, dry summer, hot summer",Hills
PDO-HR-02087,"Csa Temperate, dry summer, hot summer",Rugged Lowlands
PDO-HR-02109,"Cfa Temperate, no dry season, hot summer",Lowlands
PDO-HR-A1648,"Csa Temperate, dry summer, hot summer",Very Low Plateaus
PDO-HR-A1649,"Csa Temperate, dry summer, hot summer",Hills
PDO-HR-A1650,"Cfa Temperate, no dry season, hot summer",Low Altitude Mountains
PDO-HR-A1651,"Dfb Cold, no dry season, warm summer",Plains
PDO-HR-A1652,"Cfa Temperate, no dry season, hot summer",Lowlands
PDO-HR-A1653,"Cfa Temperate, no dry season, hot summer",Plains
PDO-HR-A1654,"Dfb Cold, no dry season, warm summer",Plains
PDO-HR-A1655,"Dfb Cold, no dry season, warm summer",Plains
PDO-HR-A1656,"Dfb Cold, no dry season, warm summer",Plains
PDO-HR-A1657,"Dfb Cold, no dry season, warm summer",Plains
PDO-HR-A1658,"Csa Temperate, dry summer, hot summer",Lowlands
PDO-HR-A1659,"Csa Temperate, dry summer, hot summer",Lowlands
PDO-HR-A1660,"Dfb Cold, no dry season, warm summer",Plains
PDO-HR-A1661,"Csa Temperate, dry summer, hot summer",Hills
PDO-HR-A1662,"Dfb Cold, no dry season, warm summer",Plains
PDO-HR-A1663,"Dfb Cold, no dry season, warm summer",Plains
PDO-HU-02171,"Dfb Cold, no dry season, warm summer",Plains
PDO-HU-02378,"Dfb Cold, no dry season, warm summer",Plains
PDO-HU-A1254,"Dfb Cold, no dry season, warm summer",Plains
PDO-HU-A1328,"Dfb Cold, no dry season, warm summer",Very Low Plateaus
PDO-HU-A1332,"Dfb Cold, no dry season, warm summer",Plains
PDO-HU-A1333,"Dfb Cold, no dry season, warm summer",Very Low Plateaus
PDO-HU-A1335,"Dfb Cold, no dry season, warm summer",Plains
PDO-HU-A1338,"Dfb Cold, no dry season, warm summer",Plains
PDO-HU-A1341,"Dfa Cold, no dry season, hot summer",Plains
PDO-HU-A1345,"Dfb Cold, no dry season, warm summer",Plains
PDO-HU-A1349,"Dfb Cold, no dry season, warm summer",Plains
PDO-HU-A1350,"Dfb Cold, no dry season, warm summer",Plains
PDO-HU-A1353,"Dfb Cold, no dry season, warm summer",Plains
PDO-HU-A1368,"Dfb Cold, no dry season, warm summer",Plains
PDO-HU-A1373,"Dfb Cold, no dry season, warm summer",Plains
PDO-HU-A1376,"Dfb Cold, no dry season, warm summer",Plains
PDO-HU-A1378,"Dfb Cold, no dry season, warm summer",Plains
PDO-HU-A1380,"Dfb Cold, no dry season, warm summer",Plains
PDO-HU-A1381,"Dfb Cold, no dry season, warm summer",Plains
PDO-HU-A1383,"Dfb Cold, no dry season, warm summer",Plains
PDO-HU-A1385,"Dfb Cold, no dry season, warm summer",Plains
PDO-HU-A1388,"Dfb Cold, no dry season, warm summer",Plains
PDO-HU-A1500,"Dfb Cold, no dry season, warm summer",Plains
PDO-HU-A1501,"Dfb Cold, no dry season, warm summer",Plains
PDO-HU-A1502,"Dfb Cold, no dry season, warm summer",Plains
PDO-HU-A1503,"Dfb Cold, no dry season, warm summer",Lowlands
PDO-HU-A1504,"Dfb Cold, no dry season, warm summer",Plains
PDO-HU-A1505,"Dfb Cold, no dry season, warm summer",Lowlands
PDO-HU-A1506,"Dfb Cold, no dry season, warm summer",Plains
PDO-HU-A1507,"Dfb Cold, no dry season, warm summer",Plains
PDO-HU-A1509,"Dfb Cold, no dry season, warm summer",Plains
PDO-HU-A1516,"Dfb Cold, no dry season, warm summer",Plains
PDO-HU-N1638,"Dfb Cold, no dry season, warm summer",Plains
PDO-IT-01896,"Csa Temperate, dry summer, hot summer",Lowlands
PDO-IT-02176,"Cfa Temperate, no dry season, hot summer",Plains
PDO-IT-02360,"Cfa Temperate, no dry season, hot summer",Plains
PDO-IT-A0222,"BSk Arid, steppe, cold",Very Low Plateaus
PDO-IT-A0232,"Csa Temperate, dry summer, hot summer",Low Altitude Mountains
PDO-IT-A0236,"Csa Temperate, dry summer, hot summer",Hills
PDO-IT-A0237,"Csa Temperate, dry summer, hot summer",Very Low Plateaus
PDO-IT-A0238,"Csa Temperate, dry summer, hot summer",Plains
PDO-IT-A0239,"Csa Temperate, dry summer, hot summer",Lowlands
PDO-IT-A0240,"Csa Temperate, dry summer, hot summer",Hills
PDO-IT-A0241,"Csa Temperate, dry summer, hot summer",Lowlands
PDO-IT-A0242,"Csa Temperate, dry summer, hot summer",Hills
PDO-IT-A0243,"Csa Temperate, dry summer, hot summer",Hills
PDO-IT-A0248,"Csa Temperate, dry summer, hot summer",Low Altitude Mountains
PDO-IT-A0249,"Csa Temperate, dry summer, hot summer",Plains
PDO-IT-A0250,"Csa Temperate, dry summer, hot summer",Hills
PDO-IT-A0251,"Csa Temperate, dry summer, hot summer",Hills
PDO-IT-A0252,"Csa Temperate, dry summer, hot summer",Lowlands
PDO-IT-A0277,"Csa Temperate, dry summer, hot summer",Hills
PDO-IT-A0278,"Csa Temperate, dry summer, hot summer",Low Altitude Mountains
PDO-IT-A0279,"Csa Temperate, dry summer, hot summer",Low Altitude Mountains
PDO-IT-A0280,"Csa Temperate, dry summer, hot summer",Hills
PDO-IT-A0281,"Csa Temperate, dry summer, hot summer",Low Altitude Mountains
PDO-IT-A0284,"Cfa Temperate, no dry season, hot summer",Hills
PDO-IT-A0285,"Cfa Temperate, no dry season, hot summer",Plains
PDO-IT-A0287,"Cfa Temperate, no dry season, hot summer",Plains
PDO-IT-A0289,"Cfa Temperate, no dry season, hot summer",Hills
PDO-IT-A0290,"Cfa Temperate, no dry season, hot summer",Plains
PDO-IT-A0291,"Cfa Temperate, no dry season, hot summer",Hills
PDO-IT-A0292,"Cfa Temperate, no dry season, hot summer",Hills
PDO-IT-A0293,"Dfb Cold, no dry season, warm summer",Mid Altitude Mountains 
PDO-IT-A0294,"Dfb Cold, no dry season, warm summer",Low Altitude Mountains
PDO-IT-A0296,"Dfb Cold, no dry season, warm summer",Mid Altitude Mountains 
PDO-IT-A0297,"Cfa Temperate, no dry season, hot summer",Lowlands
PDO-IT-A0305,"Cfa Temperate, no dry season, hot summer",Plains
PDO-IT-A0312,"Cfa Temperate, no dry season, hot summer",Plains
PDO-IT-A0318,"Cfa Temperate, no dry season, hot summer",Hills
PDO-IT-A0327,"Cfa Temperate, no dry season, hot summer",Plains
PDO-IT-A0332,"Cfa Temperate, no dry season, hot summer",Plains
PDO-IT-A0337,"Cfa Temperate, no dry season, hot summer",Plains
PDO-IT-A0342,"Cfa Temperate, no dry season, hot summer",Plains
PDO-IT-A0347,"Cfa Temperate, no dry season, hot summer",Plains
PDO-IT-A0350,"Cfa Temperate, no dry season, hot summer",Hills
PDO-IT-A0351,"Cfa Temperate, no dry season, hot summer",Plains
PDO-IT-A0352,"Csa Temperate, dry summer, hot summer",Hills
PDO-IT-A0353,"Csa Temperate, dry summer, hot summer",Hills
PDO-IT-A0354,"Csa Temperate, dry summer, hot summer",Hills
PDO-IT-A0355,"Csa Temperate, dry summer, hot summer",Hills
PDO-IT-A0356,"Csb Temperate, dry summer, warm summer",Low Altitude Mountains
PDO-IT-A0357,"Csa Temperate, dry summer, hot summer",Hills
PDO-IT-A0358,"Csa Temperate, dry summer, hot summer",Low Altitude Mountains
PDO-IT-A0359,"Csa Temperate, dry summer, hot summer",Hills
PDO-IT-A0367,"Cfa Temperate, no dry season, hot summer",Plains
PDO-IT-A0426,"Cfa Temperate, no dry season, hot summer",Hills
PDO-IT-A0427,"Cfa Temperate, no dry season, hot summer",Lowlands
PDO-IT-A0428,"Cfa Temperate, no dry season, hot summer",Lowlands
PDO-IT-A0429,"Cfa Temperate, no dry season, hot summer",Hills
PDO-IT-A0431,"Cfa Temperate, no dry season, hot summer",Lowlands
PDO-IT-A0432,"Cfa Temperate, no dry season, hot summer",Hills
PDO-IT-A0433,"Cfa Temperate, no dry season, hot summer",Hills
PDO-IT-A0434,"Cfa Temperate, no dry season, hot summer",Lowlands
PDO-IT-A0435,"Cfa Temperate, no dry season, hot summer",Plains
PDO-IT-A0436,"Cfa Temperate, no dry season, hot summer",Plains
PDO-IT-A0437,"Cfa Temperate, no dry season, hot summer",Plains
PDO-IT-A0438,"Cfa Temperate, no dry season, hot summer",Plains
PDO-IT-A0439,"Cfa Temperate, no dry season, hot summer",Plains
PDO-IT-A0440,"Cfa Temperate, no dry season, hot summer",Plains
PDO-IT-A0441,"Cfa Temperate, no dry season, hot summer",Plains
PDO-IT-A0442,"Cfa Temperate, no dry season, hot summer",Plains
PDO-IT-A0443,"Cfa Temperate, no dry season, hot summer",Low Altitude Mountains
PDO-IT-A0444,"Cfa Temperate, no dry season, hot summer",Hills
PDO-IT-A0445,"Cfa Temperate, no dry season, hot summer",Hills
PDO-IT-A0446,"Cfa Temperate, no dry season, hot summer",Plains
PDO-IT-A0447,"Cfa Temperate, no dry season, hot summer",Hills
PDO-IT-A0449,"Cfa Temperate, no dry season, hot summer",Lowlands
PDO-IT-A0450,"Cfa Temperate, no dry season, hot summer",Plains
PDO-IT-A0451,"Cfa Temperate, no dry season, hot summer",Hills
PDO-IT-A0453,"Cfa Temperate, no dry season, hot summer",Plains
PDO-IT-A0454,"Cfa Temperate, no dry season, hot summer",Plains
PDO-IT-A0455,"Cfa Temperate, no dry season, hot summer",Plains
PDO-IT-A0456,"Cfa Temperate, no dry season, hot summer",Plains
PDO-IT-A0457,"Cfa Temperate, no dry season, hot summer",Plains
PDO-IT-A0458,"Cfa Temperate, no dry season, hot summer",Hills
PDO-IT-A0459,"Cfa Temperate, no dry season, hot summer",Plains
PDO-IT-A0460,"Cfa Temperate, no dry season, hot summer",Plains
PDO-IT-A0461,"Cfa Temperate, no dry season, hot summer",Plains
PDO-IT-A0462,"Cfa Temperate, no dry season, hot summer",Hills
PDO-IT-A0463,"Cfa Temperate, no dry season, hot summer",Plains
PDO-IT-A0464,"Cfa Temperate, no dry season, hot summer",Plains
PDO-IT-A0465,"Cfa Temperate, no dry season, hot summer",Plains
PDO-IT-A0466,"Cfa Temperate, no dry season, hot summer",Plains
PDO-IT-A0467,"Cfa Temperate, no dry season, hot summer",Plains
PDO-IT-A0468,"Cfa Temperate, no dry season, hot summer",Plains
PDO-IT-A0469,"Cfa Temperate, no dry season, hot summer",Plains
PDO-IT-A0470,"Cfa Temperate, no dry season, hot summer",Plains
PDO-IT-A0471,"Cfa Temperate, no dry season, hot summer",Plains
PDO-IT-A0472,"Cfa Temperate, no dry season, hot summer",Plains
PDO-IT-A0473,"Cfa Temperate, no dry season, hot summer",Plains
PDO-IT-A0474,"Dfb Cold, no dry season, warm summer",Mid Altitude Mountains 
PDO-IT-A0475,"Cfa Temperate, no dry season, hot summer",Low Altitude Mountains
PDO-IT-A0476,"Cfa Temperate, no dry season, hot summer",Plains
PDO-IT-A0477,"Cfa Temperate, no dry season, hot summer",Hills
PDO-IT-A0478,"Cfa Temperate, no dry season, hot summer",Plains
PDO-IT-A0479,"Cfa Temperate, no dry season, hot summer",Hills
PDO-IT-A0480,"Cfa Temperate, no dry season, hot summer",Low Altitude Mountains
PDO-IT-A0481,"Cfa Temperate, no dry season, hot summer",Low Altitude Mountains
PDO-IT-A0482,"Cfa Temperate, no dry season, hot summer",Lowlands
PDO-IT-A0483,"Cfa Temperate, no dry season, hot summer",Lowlands
PDO-IT-A0506,"Cfa Temperate, no dry season, hot summer",Plains
PDO-IT-A0507,"Cfa Temperate, no dry season, hot summer",Plains
PDO-IT-A0514,"Cfa Temperate, no dry season, hot summer",Plains
PDO-IT-A0515,"Cfa Temperate, no dry season, hot summer",Plains
PDO-IT-A0516,"Cfa Temperate, no dry season, hot summer",Plains
PDO-IT-A0517,"Cfa Temperate, no dry season, hot summer",Plains
PDO-IT-A0527,"BSk Arid, steppe, cold",Very Low Plateaus
PDO-IT-A0528,"Csa Temperate, dry summer, hot summer",Low Altitude Mountains
PDO-IT-A0530,"Csb Temperate, dry summer, warm summer",Low Altitude Mountains
PDO-IT-A0533,"Csa Temperate, dry summer, hot summer",Hills
PDO-IT-A0535,"BSk Arid, steppe, cold",Plains
PDO-IT-A0537,"BSk Arid, steppe, cold",Mid Altitude Plains
PDO-IT-A0538,"BSk Arid, steppe, cold",Mid Altitude Plains
PDO-IT-A0539,"BSk Arid, steppe, cold",Mid Altitude Plains
PDO-IT-A0540,"BSk Arid, steppe, cold",Plains
PDO-IT-A0541,"Csa Temperate, dry summer, hot summer",Plains
PDO-IT-A0542,"BSk Arid, steppe, cold",Plains
PDO-IT-A0543,"Csa Temperate, dry summer, hot summer",Plains
PDO-IT-A0544,"BSk Arid, steppe, cold",Plains
PDO-IT-A0545,"BSk Arid, steppe, cold",Plains
PDO-IT-A0546,"BSk Arid, steppe, cold",Mid Altitude Plains
PDO-IT-A0547,"Csa Temperate, dry summer, hot summer",Plains
PDO-IT-A0548,"Csa Temperate, dry summer, hot summer",Plains
PDO-IT-A0549,"Cfa Temperate, no dry season, hot summer",Mid Altitude Plains
PDO-IT-A0550,"Csa Temperate, dry summer, hot summer",Very Low Plateaus
PDO-IT-A0551,"BSk Arid, steppe, cold",Plains
PDO-IT-A0552,"BSk Arid, steppe, cold",Plains
PDO-IT-A0553,"Cfa Temperate, no dry season, hot summer",Very Low Plateaus
PDO-IT-A0554,"Csa Temperate, dry summer, hot summer",Plains
PDO-IT-A0555,"BSk Arid, steppe, cold",Plains
PDO-IT-A0556,"Csa Temperate, dry summer, hot summer",Plains
PDO-IT-A0557,"Csa Temperate, dry summer, hot summer",Plains
PDO-IT-A0558,"BSk Arid, steppe, cold",Plains
PDO-IT-A0561,"Csa Temperate, dry summer, hot summer",Plains
PDO-IT-A0563,"Csa Temperate, dry summer, hot summer",Plains
PDO-IT-A0565,"BSk Arid, steppe, cold",Plains
PDO-IT-A0566,"BSk Arid, steppe, cold",Plains
PDO-IT-A0567,"Csa Temperate, dry summer, hot summer",Plains
PDO-IT-A0568,"BSk Arid, steppe, cold",Plains
PDO-IT-A0569,"Csa Temperate, dry summer, hot summer",Plains
PDO-IT-A0570,"BSk Arid, steppe, cold",Plains
PDO-IT-A0572,"Csa Temperate, dry summer, hot summer",Plains
PDO-IT-A0575,"Csa Temperate, dry summer, hot summer",Low Altitude Mountains
PDO-IT-A0605,"Csa Temperate, dry summer, hot summer",Hills
PDO-IT-A0610,"Csa Temperate, dry summer, hot summer",Lowlands
PDO-IT-A0617,"Csa Temperate, dry summer, hot summer",Lowlands
PDO-IT-A0618,"Csa Temperate, dry summer, hot summer",Lowlands
PDO-IT-A0619,"Csa Temperate, dry summer, hot summer",Lowlands
PDO-IT-A0620,"Csa Temperate, dry summer, hot summer",Low Altitude Mountains
PDO-IT-A0621,"Csa Temperate, dry summer, hot summer",Hills
PDO-IT-A0627,"Csa Temperate, dry summer, hot summer",Low Altitude Mountains
PDO-IT-A0629,"Csa Temperate, dry summer, hot summer",Lowlands
PDO-IT-A0674,"BSk Arid, steppe, cold",Lowlands
PDO-IT-A0677,"BSk Arid, steppe, cold",Low Altitude Mountains
PDO-IT-A0678,"Csa Temperate, dry summer, hot summer",Lowlands
PDO-IT-A0680,"Csa Temperate, dry summer, hot summer",Very Low Plateaus
PDO-IT-A0682,"Csa Temperate, dry summer, hot summer",Lowlands
PDO-IT-A0684,"Csa Temperate, dry summer, hot summer",Low Altitude Mountains
PDO-IT-A0689,"Csa Temperate, dry summer, hot summer",Very Low Plateaus
PDO-IT-A0691,"Csa Temperate, dry summer, hot summer",Plains
PDO-IT-A0692,"Csa Temperate, dry summer, hot summer",Low Altitude Mountains
PDO-IT-A0694,"Csa Temperate, dry summer, hot summer",Lowlands
PDO-IT-A0695,"Csa Temperate, dry summer, hot summer",Plains
PDO-IT-A0696,"Csa Temperate, dry summer, hot summer",Lowlands
PDO-IT-A0698,"Csb Temperate, dry summer, warm summer",Low Altitude Mountains
PDO-IT-A0699,"Csa Temperate, dry summer, hot summer",Very Low Plateaus
PDO-IT-A0700,"Csa Temperate, dry summer, hot summer",Plains
PDO-IT-A0701,"Csa Temperate, dry summer, hot summer",Plains
PDO-IT-A0702,"Csa Temperate, dry summer, hot summer",Lowlands
PDO-IT-A0703,"Csa Temperate, dry summer, hot summer",Very Low Plateaus
PDO-IT-A0704,"Csa Temperate, dry summer, hot summer",Plains
PDO-IT-A0705,"Csa Temperate, dry summer, hot summer",Very Low Plateaus
PDO-IT-A0706,"Csa Temperate, dry summer, hot summer",Plains
PDO-IT-A0723,"Cfa Temperate, no dry season, hot summer",Hills
PDO-IT-A0728,"Cfa Temperate, no dry season, hot summer",Hills
PDO-IT-A0742,"Cfa Temperate, no dry season, hot summer",Lowlands
PDO-IT-A0743,"Cfa Temperate, no dry season, hot summer",Hills
PDO-IT-A0748,"Dfb Cold, no dry season, warm summer",Mid Altitude Mountains 
PDO-IT-A0749,"Cfa Temperate, no dry season, hot summer",Hills
PDO-IT-A0750,"Csa Temperate, dry summer, hot summer",Lowlands
PDO-IT-A0751,"Csa Temperate, dry summer, hot summer",Very Low Plateaus
PDO-IT-A0752,"Dfb Cold, no dry season, warm summer",Mid Altitude Mountains 
PDO-IT-A0753,"Csa Temperate, dry summer, hot summer",Lowlands
PDO-IT-A0754,"Dfb Cold, no dry season, warm summer",Mid Altitude Mountains 
PDO-IT-A0757,"Csa Temperate, dry summer, hot summer",Very Low Plateaus
PDO-IT-A0758,"Csa Temperate, dry summer, hot summer",Plains
PDO-IT-A0759,"Csa Temperate, dry summer, hot summer",Lowlands
PDO-IT-A0760,"Csa Temperate, dry summer, hot summer",Lowlands
PDO-IT-A0761,"Csa Temperate, dry summer, hot summer",Plains
PDO-IT-A0762,"Csa Temperate, dry summer, hot summer",Plains
PDO-IT-A0763,"Csa Temperate, dry summer, hot summer",Very Low Plateaus
PDO-IT-A0764,"Csa Temperate, dry summer, hot summer",Very Low Plateaus
PDO-IT-A0773,"Csa Temperate, dry summer, hot summer",Very Low Plateaus
PDO-IT-A0774,"Csa Temperate, dry summer, hot summer",Very Low Plateaus
PDO-IT-A0775,"Csa Temperate, dry summer, hot summer",Low Altitude Mountains
PDO-IT-A0776,"Csa Temperate, dry summer, hot summer",Hills
PDO-IT-A0777,"Csa Temperate, dry summer, hot summer",Plains
PDO-IT-A0778,"Csa Temperate, dry summer, hot summer",Lowlands
PDO-IT-A0779,"Csa Temperate, dry summer, hot summer",Lowlands
PDO-IT-A0780,"Csa Temperate, dry summer, hot summer",Mid Altitude Mountains 
PDO-IT-A0781,"Csa Temperate, dry summer, hot summer",Hills
PDO-IT-A0782,"Csa Temperate, dry summer, hot summer",Rugged Lowlands
PDO-IT-A0783,"Csa Temperate, dry summer, hot summer",Low Altitude Mountains
PDO-IT-A0785,"Csa Temperate, dry summer, hot summer",Lowlands
PDO-IT-A0786,"Csa Temperate, dry summer, hot summer",Lowlands
PDO-IT-A0787,"Csa Temperate, dry summer, hot summer",Low Altitude Mountains
PDO-IT-A0790,"Csa Temperate, dry summer, hot summer",Lowlands
PDO-IT-A0792,"Csa Temperate, dry summer, hot summer",Hills
PDO-IT-A0793,"Csa Temperate, dry summer, hot summer",Very Low Plateaus
PDO-IT-A0795,"Csa Temperate, dry summer, hot summer",Hills
PDO-IT-A0797,"Csa Temperate, dry summer, hot summer",Very Low Plateaus
PDO-IT-A0798,"Csa Temperate, dry summer, hot summer",Very Low Plateaus
PDO-IT-A0800,"Csa Temperate, dry summer, hot summer",Lowlands
PDO-IT-A0801,"Csa Temperate, dry summer, hot summer",Low Altitude Mountains
PDO-IT-A0802,"Csa Temperate, dry summer, hot summer",Plains
PDO-IT-A0803,"Csa Temperate, dry summer, hot summer",Very Low Plateaus
PDO-IT-A0833,"Cfa Temperate, no dry season, hot summer",Very Low Plateaus
PDO-IT-A0834,"Cfa Temperate, no dry season, hot summer",Plains
PDO-IT-A0835,"Csa Temperate, dry summer, hot summer",Hills
PDO-IT-A0837,"Cfa Temperate, no dry season, hot summer",Hills
PDO-IT-A0838,"Cfa Temperate, no dry season, hot summer",Low Altitude Mountains
PDO-IT-A0839,"Cfa Temperate, no dry season, hot summer",Very Low Plateaus
PDO-IT-A0842,"Cfa Temperate, no dry season, hot summer",Very Low Plateaus
PDO-IT-A0843,"Cfa Temperate, no dry season, hot summer",Very Low Plateaus
PDO-IT-A0844,"Csa Temperate, dry summer, hot summer",Hills
PDO-IT-A0845,"Cfa Temperate, no dry season, hot summer",Very Low Plateaus
PDO-IT-A0846,"Csa Temperate, dry summer, hot summer",Hills
PDO-IT-A0847,"Csa Temperate, dry summer, hot summer",Hills
PDO-IT-A0848,"Cfa Temperate, no dry season, hot summer",Low Altitude Mountains
PDO-IT-A0849,"Cfa Temperate, no dry season, hot summer",Hills
PDO-IT-A0851,"Cfa Temperate, no dry season, hot summer",Plains
PDO-IT-A0876,"Cfa Temperate, no dry season, hot summer",Hills
PDO-IT-A0879,"Cfa Temperate, no dry season, hot summer",Lowlands
PDO-IT-A0880,"Cfa Temperate, no dry season, hot summer",Hills
PDO-IT-A0883,"Cfa Temperate, no dry season, hot summer",Rugged Lowlands
PDO-IT-A0903,"Csa Temperate, dry summer, hot summer",Hills
PDO-IT-A0904,"Csa Temperate, dry summer, hot summer",Lowlands
PDO-IT-A0905,"Cfa Temperate, no dry season, hot summer",Plains
PDO-IT-A0906,"Csa Temperate, dry summer, hot summer",Plains
PDO-IT-A0907,"Csa Temperate, dry summer, hot summer",Hills
PDO-IT-A0908,"Cfa Temperate, no dry season, hot summer",Plains
PDO-IT-A0909,"Csa Temperate, dry summer, hot summer",Lowlands
PDO-IT-A0910,"Cfa Temperate, no dry season, hot summer",Lowlands
PDO-IT-A0938,"Cfa Temperate, no dry season, hot summer",Plains
PDO-IT-A0939,"Cfb Temperate, no dry season, warm summer",Hills
PDO-IT-A0949,"Cfa Temperate, no dry season, hot summer",Hills
PDO-IT-A0950,"Cfa Temperate, no dry season, hot summer",Plains
PDO-IT-A0953,"Cfa Temperate, no dry season, hot summer",Plains
PDO-IT-A0954,"Cfa Temperate, no dry season, hot summer",Plains
PDO-IT-A0958,"Cfa Temperate, no dry season, hot summer",Hills
PDO-IT-A0959,"Cfa Temperate, no dry season, hot summer",Plains
PDO-IT-A0971,"Cfa Temperate, no dry season, hot summer",Hills
PDO-IT-A0973,"Cfa Temperate, no dry season, hot summer",Hills
PDO-IT-A0974,"Cfa Temperate, no dry season, hot summer",Hills
PDO-IT-A0976,"Cfa Temperate, no dry season, hot summer",Plains
PDO-IT-A0978,"Cfa Temperate, no dry season, hot summer",Plains
PDO-IT-A0979,"Cfa Temperate, no dry season, hot summer",Lowlands
PDO-IT-A1001,"Cfa Temperate, no dry season, hot summer",Hills
PDO-IT-A1010,"Cfa Temperate, no dry season, hot summer",Hills
PDO-IT-A1034,"Cfa Temperate, no dry season, hot summer",Plains
PDO-IT-A1035,"Dfb Cold, no dry season, warm summer",Mid Altitude Mountains 
PDO-IT-A1036,"Dfb Cold, no dry season, warm summer",Mid Altitude Mountains 
PDO-IT-A1042,"Cfa Temperate, no dry season, hot summer",Plains
PDO-IT-A1046,"Csa Temperate, dry summer, hot summer",Hills
PDO-IT-A1054,"Cfa Temperate, no dry season, hot summer",Plains
PDO-IT-A1063,"Csa Temperate, dry summer, hot summer",Very Low Plateaus
PDO-IT-A1066,"Cfa Temperate, no dry season, hot summer",Very Low Plateaus
PDO-IT-A1068,"Csa Temperate, dry summer, hot summer",Very Low Plateaus
PDO-IT-A1070,"Cfa Temperate, no dry season, hot summer",Plains
PDO-IT-A1071,"Cfa Temperate, no dry season, hot summer",Lowlands
PDO-IT-A1073,"Cfa Temperate, no dry season, hot summer",Plains
PDO-IT-A1074,"Cfb Temperate, no dry season, warm summer",Very Low Plateaus
PDO-IT-A1075,"Cfa Temperate, no dry season, hot summer",Very Low Plateaus
PDO-IT-A1083,"Cfa Temperate, no dry season, hot summer",Mid Altitude Plains
PDO-IT-A1084,"Dfb Cold, no dry season, warm summer",Mid Altitude Mountains 
PDO-IT-A1092,"Cfa Temperate, no dry season, hot summer",Very Low Plateaus
PDO-IT-A1097,"Cfa Temperate, no dry season, hot summer",Low Altitude Mountains
PDO-IT-A1098,"Cfa Temperate, no dry season, hot summer",Hills
PDO-IT-A1099,"Csa Temperate, dry summer, hot summer",Low Altitude Mountains
PDO-IT-A1100,"Cfa Temperate, no dry season, hot summer",Mid Altitude Plains
PDO-IT-A1104,"Cfa Temperate, no dry season, hot summer",Plains
PDO-IT-A1106,"Cfa Temperate, no dry season, hot summer",Mid Altitude Plains
PDO-IT-A1108,"Cfa Temperate, no dry season, hot summer",Plains
PDO-IT-A1111,"Csa Temperate, dry summer, hot summer",Hills
PDO-IT-A1118,"Csa Temperate, dry summer, hot summer",Very Low Plateaus
PDO-IT-A1122,"Csa Temperate, dry summer, hot summer",Plains
PDO-IT-A1124,"Cfa Temperate, no dry season, hot summer",Plains
PDO-IT-A1133,"Csa Temperate, dry summer, hot summer",Plains
PDO-IT-A1137,"Cfa Temperate, no dry season, hot summer",Plains
PDO-IT-A1138,"Cfa Temperate, no dry season, hot summer",Mid Altitude Plains
PDO-IT-A1139,"Csa Temperate, dry summer, hot summer",Hills
PDO-IT-A1142,"Csa Temperate, dry summer, hot summer",Hills
PDO-IT-A1147,"Csa Temperate, dry summer, hot summer",Hills
PDO-IT-A1158,"Csa Temperate, dry summer, hot summer",Hills
PDO-IT-A1164,"Csa Temperate, dry summer, hot summer",Plains
PDO-IT-A1167,"Csa Temperate, dry summer, hot summer",Plains
PDO-IT-A1169,"Csa Temperate, dry summer, hot summer",Hills
PDO-IT-A1170,"Csa Temperate, dry summer, hot summer",Plains
PDO-IT-A1171,"Csa Temperate, dry summer, hot summer",Low Altitude Mountains
PDO-IT-A1172,"Csa Temperate, dry summer, hot summer",Lowlands
PDO-IT-A1174,"Csa Temperate, dry summer, hot summer",Hills
PDO-IT-A1176,"Csa Temperate, dry summer, hot summer",Hills
PDO-IT-A1178,"Cfa Temperate, no dry season, hot summer",Plains
PDO-IT-A1180,"Cfa Temperate, no dry season, hot summer",Mid Altitude Plains
PDO-IT-A1181,"Cfa Temperate, no dry season, hot summer",Mid Altitude Plains
PDO-IT-A1183,"Cfa Temperate, no dry season, hot summer",Hills
PDO-IT-A1184,"Cfa Temperate, no dry season, hot summer",Lowlands
PDO-IT-A1186,"Cfa Temperate, no dry season, hot summer",Lowlands
PDO-IT-A1187,"Cfa Temperate, no dry season, hot summer",Lowlands
PDO-IT-A1188,"Cfa Temperate, no dry season, hot summer",Plains
PDO-IT-A1189,"Csa Temperate, dry summer, hot summer",Very Low Plateaus
PDO-IT-A1191,"Cfa Temperate, no dry season, hot summer",Very Low Plateaus
PDO-IT-A1192,"Csa Temperate, dry summer, hot summer",Hills
PDO-IT-A1194,"Cfa Temperate, no dry season, hot summer",Lowlands
PDO-IT-A1199,"Csa Temperate, dry summer, hot summer",Very Low Plateaus
PDO-IT-A1201,"Cfa Temperate, no dry season, hot summer",Very Low Plateaus
PDO-IT-A1210,"Csa Temperate, dry summer, hot summer",Lowlands
PDO-IT-A1213,"Csa Temperate, dry summer, hot summer",Very Low Plateaus
PDO-IT-A1220,"Csa Temperate, dry summer, hot summer",Rugged Lowlands
PDO-IT-A1224,"Cfa Temperate, no dry season, hot summer",Very Low Plateaus
PDO-IT-A1228,"Csa Temperate, dry summer, hot summer",Very Low Plateaus
PDO-IT-A1232,"Cfa Temperate, no dry season, hot summer",Mid Altitude Mountains 
PDO-IT-A1234,"Cfa Temperate, no dry season, hot summer",Hills
PDO-IT-A1235,"Csa Temperate, dry summer, hot summer",Very Low Plateaus
PDO-IT-A1236,"Cfa Temperate, no dry season, hot summer",Very Low Plateaus
PDO-IT-A1237,"Csa Temperate, dry summer, hot summer",Rugged Lowlands
PDO-IT-A1238,"Csa Temperate, dry summer, hot summer",Plains
PDO-IT-A1241,"Csa Temperate, dry summer, hot summer",Lowlands
PDO-IT-A1242,"Dfb Cold, no dry season, warm summer",Mid Altitude Mountains 
PDO-IT-A1243,"Dfb Cold, no dry season, warm summer",Mid Altitude Mountains 
PDO-IT-A1244,"Csa Temperate, dry summer, hot summer",Very Low Plateaus
PDO-IT-A1246,"Csa Temperate, dry summer, hot summer",Lowlands
PDO-IT-A1252,"Csa Temperate, dry summer, hot summer",Hills
PDO-IT-A1258,"Cfa Temperate, no dry season, hot summer",Lowlands
PDO-IT-A1260,"BSk Arid, steppe, cold",Lowlands
PDO-IT-A1261,"Csa Temperate, dry summer, hot summer",Very Low Plateaus
PDO-IT-A1262,"Csa Temperate, dry summer, hot summer",Lowlands
PDO-IT-A1263,"Cfa Temperate, no dry season, hot summer",Mid Altitude Plains
PDO-IT-A1266,"Csa Temperate, dry summer, hot summer",Lowlands
PDO-IT-A1292,"Csa Temperate, dry summer, hot summer",Lowlands
PDO-IT-A1308,"Cfa Temperate, no dry season, hot summer",Very Low Plateaus
PDO-IT-A1310,"Csa Temperate, dry summer, hot summer",Very Low Plateaus
PDO-IT-A1311,"Cfa Temperate, no dry season, hot summer",Mid Altitude Plains
PDO-IT-A1312,"BSk Arid, steppe, cold",Lowlands
PDO-IT-A1313,"Csa Temperate, dry summer, hot summer",Plains
PDO-IT-A1315,"Cfa Temperate, no dry season, hot summer",Mid Altitude Plains
PDO-IT-A1318,"Cfa Temperate, no dry season, hot summer",Plains
PDO-IT-A1319,"Csa Temperate, dry summer, hot summer",Hills
PDO-IT-A1320,"Cfa Temperate, no dry season, hot summer",Plains
PDO-IT-A1322,"Cfa Temperate, no dry season, hot summer",Plains
PDO-IT-A1323,"Dfb Cold, no dry season, warm summer",Mid Altitude Mountains 
PDO-IT-A1324,"Csa Temperate, dry summer, hot summer",Hills
PDO-IT-A1325,"Csa Temperate, dry summer, hot summer",Rugged Lowlands
PDO-IT-A1330,"Csa Temperate, dry summer, hot summer",Very Low Plateaus
PDO-IT-A1337,"Csa Temperate, dry summer, hot summer",Lowlands
PDO-IT-A1339,"BSk Arid, steppe, cold",Very Low Plateaus
PDO-IT-A1348,"Csa Temperate, dry summer, hot summer",Plains
PDO-IT-A1358,"Cfa Temperate, no dry season, hot summer",Hills
PDO-IT-A1366,"Cfa Temperate, no dry season, hot summer",Hills
PDO-IT-A1377,"Csa Temperate, dry summer, hot summer",Low Altitude Mountains
PDO-IT-A1379,"BSk Arid, steppe, cold",Lowlands
PDO-IT-A1382,"Csa Temperate, dry summer, hot summer",Hills
PDO-IT-A1384,"Csa Temperate, dry summer, hot summer",Very Low Plateaus
PDO-IT-A1387,"Csa Temperate, dry summer, hot summer",Plains
PDO-IT-A1389,"Csa Temperate, dry summer, hot summer",Very Low Plateaus
PDO-IT-A1396,"Csa Temperate, dry summer, hot summer",Hills
PDO-IT-A1397,"Cfa Temperate, no dry season, hot summer",Lowlands
PDO-IT-A1398,"Cfa Temperate, no dry season, hot summer",Lowlands
PDO-IT-A1399,"Csa Temperate, dry summer, hot summer",Hills
PDO-IT-A1400,"Csa Temperate, dry summer, hot summer",Very Low Plateaus
PDO-IT-A1413,"Csa Temperate, dry summer, hot summer",Lowlands
PDO-IT-A1421,"Csa Temperate, dry summer, hot summer",Plains
PDO-IT-A1433,"Csa Temperate, dry summer, hot summer",Lowlands
PDO-IT-A1435,"Csa Temperate, dry summer, hot summer",Lowlands
PDO-IT-A1437,"Csa Temperate, dry summer, hot summer",Lowlands
PDO-IT-A1440,"Csa Temperate, dry summer, hot summer",Very Low Plateaus
PDO-IT-A1442,"Cfa Temperate, no dry season, hot summer",Very Low Plateaus
PDO-IT-A1451,"BSk Arid, steppe, cold",Plains
PDO-IT-A1453,"Cfa Temperate, no dry season, hot summer",Low Altitude Mountains
PDO-IT-A1456,"Csa Temperate, dry summer, hot summer",Very Low Plateaus
PDO-IT-A1458,"Cfa Temperate, no dry season, hot summer",Very Low Plateaus
PDO-IT-A1464,"Csa Temperate, dry summer, hot summer",Lowlands
PDO-IT-A1486,"Csa Temperate, dry summer, hot summer",Very Low Plateaus
PDO-IT-A1488,"Csa Temperate, dry summer, hot summer",Lowlands
PDO-IT-A1490,"BSk Arid, steppe, cold",Very Low Plateaus
PDO-IT-A1491,"Csa Temperate, dry summer, hot summer",Plains
PDO-IT-A1493,"Csa Temperate, dry summer, hot summer",Very Low Plateaus
PDO-IT-A1495,"Csa Temperate, dry summer, hot summer",Lowlands
PDO-IT-A1496,"Csa Temperate, dry summer, hot summer",Very Low Plateaus
PDO-IT-A1497,"Cfa Temperate, no dry season, hot summer",Very Low Plateaus
PDO-IT-A1498,"Csa Temperate, dry summer, hot summer",Lowlands
PDO-IT-A1510,"Cfa Temperate, no dry season, hot summer",Very Low Plateaus
PDO-IT-A1512,"Csa Temperate, dry summer, hot summer",Plains
PDO-IT-A1513,"Csa Temperate, dry summer, hot summer",Very Low Plateaus
PDO-IT-A1514,"Csa Temperate, dry summer, hot summer",Very Low Plateaus
PDO-IT-A1515,"Cfa Temperate, no dry season, hot summer",Very Low Plateaus
PDO-IT-A1518,"Cfa Temperate, no dry season, hot summer",Low Altitude Mountains
PDO-IT-A1519,"Csa Temperate, dry summer, hot summer",Rugged Lowlands
PDO-IT-A1669,"Csa Temperate, dry summer, hot summer",Rugged Lowlands
PDO-IT-A1671,"Csa Temperate, dry summer, hot summer",Plains
PDO-LU-A0452,"Cfb Temperate, no dry season, warm summer",Very Low Plateaus
PDO-MT-A1629,"Csa Temperate, dry summer, hot summer",Lowlands
PDO-MT-A1630,"Csa Temperate, dry summer, hot summer",Lowlands
PDO-NL-02114,"Cfb Temperate, no dry season, warm summer",Plains
PDO-NL-02168,"Cfb Temperate, no dry season, warm summer",Very Low Plateaus
PDO-NL-02169,"Cfb Temperate, no dry season, warm summer",Plains
PDO-NL-02230,"Cfb Temperate, no dry season, warm summer",Plains
PDO-NL-02402,"Cfb Temperate, no dry season, warm summer",Plains
PDO-PT-A0038,"Csb Temperate, dry summer, warm summer",Low Altitude Mountains
PDO-PT-A0039,"Csb Temperate, dry summer, warm summer",Low Altitude Mountains
PDO-PT-A1444,"Cfb Temperate, no dry season, warm summer",
PDO-PT-A1445,"Cfb Temperate, no dry season, warm summer",
PDO-PT-A1446,"Cfa Temperate, no dry season, hot summer",
PDO-PT-A1449,"Csa Temperate, dry summer, hot summer",Lowlands
PDO-PT-A1450,"Csa Temperate, dry summer, hot summer",Lowlands
PDO-PT-A1452,"Csa Temperate, dry summer, hot summer",Lowlands
PDO-PT-A1454,"Csa Temperate, dry summer, hot summer",Lowlands
PDO-PT-A1455,"Csb Temperate, dry summer, warm summer",Low Altitude Mountains
PDO-PT-A1457,"Csa Temperate, dry summer, hot summer",Plains
PDO-PT-A1460,"Csa Temperate, dry summer, hot summer",Plains
PDO-PT-A1461,"Csb Temperate, dry summer, warm summer",Lowlands
PDO-PT-A1462,"Csb Temperate, dry summer, warm summer",Lowlands
PDO-PT-A1463,"Csb Temperate, dry summer, warm summer",Lowlands
PDO-PT-A1465,"Csb Temperate, dry summer, warm summer",Lowlands
PDO-PT-A1466,"Csb Temperate, dry summer, warm summer",Low Plateaus
PDO-PT-A1468,"Csa Temperate, dry summer, hot summer",Lowlands
PDO-PT-A1469,"Csb Temperate, dry summer, warm summer",Lowlands
PDO-PT-A1470,"Csb Temperate, dry summer, warm summer",Lowlands
PDO-PT-A1471,"Csb Temperate, dry summer, warm summer",Very Low Plateaus
PDO-PT-A1534,"Csa Temperate, dry summer, hot summer",Very Low Plateaus
PDO-PT-A1537,"Csb Temperate, dry summer, warm summer",Lowlands
PDO-PT-A1539,"Csa Temperate, dry summer, hot summer",Hills
PDO-PT-A1540,"Csa Temperate, dry summer, hot summer",Hills
PDO-PT-A1541,"Csb Temperate, dry summer, warm summer",Low Altitude Mountains
PDO-PT-A1542,"Csa Temperate, dry summer, hot summer",Very Low Plateaus
PDO-PT-A1544,"Csa Temperate, dry summer, hot summer",Lowlands
PDO-PT-A1545,"Csb Temperate, dry summer, warm summer",Hills
PDO-PT-A1546,"Csa Temperate, dry summer, hot summer",Very Low Plateaus
PDO-RO-A0027,"Dfb Cold, no dry season, warm summer",Plains
PDO-RO-A0028,"Dfb Cold, no dry season, warm summer",Plains
PDO-RO-A0029,"Dfb Cold, no dry season, warm summer",Plains
PDO-RO-A0030,"BSk Arid, steppe, cold",Plains
PDO-RO-A0105,"Dfb Cold, no dry season, warm summer",Very Low Plateaus
PDO-RO-A0132,"Dfb Cold, no dry season, warm summer",Lowlands
PDO-RO-A0133,"BSk Arid, steppe, cold",Plains
PDO-RO-A0134,"Dfa Cold, no dry season, hot summer",Plains
PDO-RO-A0135,"Dfb Cold, no dry season, warm summer",Lowlands
PDO-RO-A0136,"Dfb Cold, no dry season, warm summer",Lowlands
PDO-RO-A0138,"Dfb Cold, no dry season, warm summer",Lowlands
PDO-RO-A0139,"Dfb Cold, no dry season, warm summer",Lowlands
PDO-RO-A0282,"Dfa Cold, no dry season, hot summer",Very Low Plateaus
PDO-RO-A0286,"Dfa Cold, no dry season, hot summer",Very Low Plateaus
PDO-RO-A0365,"Dfb Cold, no dry season, warm summer",Very Low Plateaus
PDO-RO-A0366,"Dfb Cold, no dry season, warm summer",Very Low Plateaus
PDO-RO-A0368,"Dfb Cold, no dry season, warm summer",Very Low Plateaus
PDO-RO-A0369,"Dfb Cold, no dry season, warm summer",Very Low Plateaus
PDO-RO-A0371,"Dfb Cold, no dry season, warm summer",Very Low Plateaus
PDO-RO-A0611,"BSk Arid, steppe, cold",Lowlands
PDO-RO-A0624,"BSk Arid, steppe, cold",Plains
PDO-RO-A1062,"Dfa Cold, no dry season, hot summer",Plains
PDO-RO-A1064,"Dfb Cold, no dry season, warm summer",Very Low Plateaus
PDO-RO-A1067,"Dfa Cold, no dry season, hot summer",Plains
PDO-RO-A1072,"Dfa Cold, no dry season, hot summer",Very Low Plateaus
PDO-RO-A1079,"Dfa Cold, no dry season, hot summer",Plains
PDO-RO-A1093,"Dfb Cold, no dry season, warm summer",Plains
PDO-RO-A1193,"Dfb Cold, no dry season, warm summer",Plains
PDO-RO-A1214,"Dfa Cold, no dry season, hot summer",Plains
PDO-RO-A1309,"Dfb Cold, no dry season, warm summer",Very Low Plateaus
PDO-RO-A1336,"Dfa Cold, no dry season, hot summer",Plains
PDO-RO-A1424,"BSk Arid, steppe, cold",Plains
PDO-RO-A1558,"Dfa Cold, no dry season, hot summer",Plains
PDO-RO-A1575,"BSk Arid, steppe, cold",Plains
PDO-RO-A1577,"Dfb Cold, no dry season, warm summer",Plains
PDO-RO-A1583,"Dfb Cold, no dry season, warm summer",Lowlands
PDO-RO-A1584,"Dfb Cold, no dry season, warm summer",Plains
PDO-RO-A1586,"Dfb Cold, no dry season, warm summer",Plains
PDO-RO-N0037,"BSk Arid, steppe, cold",Lowlands
PDO-RO-N1588,"BSk Arid, steppe, cold",Plains
PDO-SI-A0270,"Dfb Cold, no dry season, warm summer",Low Altitude Mountains
PDO-SI-A0448,"Cfb Temperate, no dry season, warm summer",Low Altitude Mountains
PDO-SI-A0609,"Cfa Temperate, no dry season, hot summer",Low Altitude Mountains
PDO-SI-A0616,"Cfb Temperate, no dry season, warm summer",Very Low Plateaus
PDO-SI-A0639,"Dfb Cold, no dry season, warm summer",Very Low Plateaus
PDO-SI-A0769,"Dfb Cold, no dry season, warm summer",Very Low Plateaus
PDO-SI-A0772,"Dfb Cold, no dry season, warm summer",Hills
PDO-SI-A0871,"Dfb Cold, no dry season, warm summer",Hills
PDO-SI-A0878,"Dfb Cold, no dry season, warm summer",Very Low Plateaus
PDO-SI-A1520,"Dfb Cold, no dry season, warm summer",Hills
PDO-SI-A1561,"Dfb Cold, no dry season, warm summer",Very Low Plateaus
PDO-SI-A1576,"Dfb Cold, no dry season, warm summer",Very Low Plateaus
PDO-SI-A1579,"Dfb Cold, no dry season, warm summer",Very Low Plateaus
PDO-SI-A1581,"Cfb Temperate, no dry season, warm summer",Very Low Plateaus
PDO-SK-01899,"Dfb Cold, no dry season, warm summer",Very Low Plateaus
PDO-SK-A0120,"Dfb Cold, no dry season, warm summer",Plains
PDO-SK-A1354,"Dfb Cold, no dry season, warm summer",Plains
PDO-SK-A1355,"Dfb Cold, no dry season, warm summer",Very Low Plateaus
PDO-SK-A1356,"Dfb Cold, no dry season, warm summer",Plains
PDO-SK-A1357,"Dfb Cold, no dry season, warm summer",Plains
PDO-SK-A1360,"Dfb Cold, no dry season, warm summer",Plains
PDO-SK-A1598,"Dfb Cold, no dry season, warm summer",Plains
